Customer_ID,Full_Name,Gender,Age_Group,Phone,Email,City,State,Pincode,Customer_Segment,Acquisition_Channel,Registration_Date,Email_Subscribed,Push_Notif_Enabled,Total_Orders_Lifetime,Total_Spend_Lifetime_INR
CUST10001,Sakshi Bhatia,Female,25-34,9207030906,sakshi.bhatia53@yahoo.com,Mumbai,Maharashtra,400092,Premium,Organic Search,2022-12-21,Yes,Yes,11,88867.05
CUST10002,Yash Pillai,Male,25-34,9234064720,yash.pillai95@hotmail.com,Kanpur,Uttar Pradesh,208001,Regular,Organic Search,2023-04-26,No,Yes,7,134518.2
CUST10003,Nidhi Mehta,Female,55+,9829678754,nidhi.mehta64@rediffmail.com,Ujjain,Madhya Pradesh,456001,VIP,Facebook Ads,2022-03-25,No,No,13,383655.15
CUST10004,Amisha Chatterjee,Female,25-34,9387761186,amisha.chatterjee69@outlook.com,Hyderabad,Telangana,500001,Premium,Referral,2022-01-18,Yes,No,13,315494.3
CUST10005,Usha Ahuja,Female,25-34,9790521986,usha.ahuja33@gmail.com,Hyderabad,Telangana,500081,Regular,YouTube Ads,2022-04-02,Yes,No,4,65492.3
CUST10006,Swati Datta,Female,25-34,9961282907,swati.datta30@yahoo.com,New Delhi,Delhi,110001,New,Google Ads,2022-02-14,No,Yes,5,104018.8
CUST10007,Nikhil Patil,Male,25-34,9978359493,nikhil.patil22@gmail.com,Chandigarh,Punjab,160001,VIP,Google Ads,2023-06-04,Yes,No,16,648625.3
CUST10008,Preeti Wadhwa,Female,25-34,9826149347,preeti.wadhwa70@gmail.com,Lucknow,Uttar Pradesh,226001,Premium,Referral,2023-04-01,Yes,No,13,255832.85
CUST10009,Preeti Singh,Female,18-24,9172825982,preeti.singh93@gmail.com,Rohini,Delhi,110085,Regular,Google Ads,2022-09-14,Yes,No,7,79602.85
CUST10010,Tushar Venkat,Male,55+,9312578415,tushar.venkat75@gmail.com,Gurgaon,Delhi,122001,New,YouTube Ads,2022-08-26,No,Yes,3,19386.7
CUST10011,Kiran Bansal,Female,25-34,9360348833,kiran.bansal89@yahoo.com,Indore,Madhya Pradesh,452001,Regular,Instagram Ads,2022-01-08,Yes,No,12,295294.8
CUST10012,Naveen Naidu,Male,35-44,9269353313,naveen.naidu16@outlook.com,Salem,Tamil Nadu,636001,Regular,Facebook Ads,2023-07-13,Yes,Yes,7,68552.45
CUST10013,Kavita Chatterjee,Female,18-24,9472334942,kavita.chatterjee18@rediffmail.com,Ahmedabad,Gujarat,380001,Regular,Organic Search,2023-01-04,Yes,Yes,4,522392.6
CUST10014,Monika Chakraborty,Female,25-34,9889338131,monika.chakraborty74@outlook.com,Howrah,West Bengal,711101,Regular,Influencer Marketing,2023-12-31,No,Yes,7,132837.75
CUST10015,Harsh Wadhwa,Male,25-34,9129130479,harsh.wadhwa40@yahoo.com,Varanasi,Uttar Pradesh,221001,Regular,Referral,2023-03-13,Yes,No,3,61315.5
CUST10016,Alka Shukla,Female,35-44,9719104011,alka.shukla60@outlook.com,Siliguri,West Bengal,734001,Regular,Organic Search,2023-01-09,Yes,No,3,92722.05
CUST10017,Amisha Bhatia,Female,25-34,9117631103,amisha.bhatia27@outlook.com,Hisar,Haryana,125001,VIP,Instagram Ads,2022-08-27,Yes,Yes,16,152772.5
CUST10018,Nikhil Kapoor,Male,35-44,9421787735,nikhil.kapoor20@yahoo.com,Vadodara,Gujarat,390001,New,Organic Search,2022-04-13,Yes,No,5,84711.65
CUST10019,Manoj Bose,Male,18-24,9962422558,manoj.bose52@yahoo.com,Hyderabad,Telangana,500034,Regular,Google Ads,2023-03-20,No,No,3,38573.1
CUST10020,Jyoti Desai,Female,25-34,9807221816,jyoti.desai31@rediffmail.com,Chandigarh,Punjab,160001,Regular,Email Campaign,2023-06-17,Yes,Yes,7,153510.55
CUST10021,Rohit Krishnan,Male,18-24,9318865052,rohit.krishnan18@yahoo.com,Hubli,Karnataka,580020,Premium,YouTube Ads,2022-04-30,No,No,14,266417.55
CUST10022,Sandeep Patel,Male,45-54,9210150294,sandeep.patel77@hotmail.com,Hubli,Karnataka,580020,Regular,App Store,2022-02-10,Yes,Yes,5,52104.6
CUST10023,Aarav Rastogi,Male,18-24,9515980851,aarav.rastogi96@hotmail.com,Jodhpur,Rajasthan,342001,Premium,Instagram Ads,2023-12-31,No,No,8,130615.1
CUST10024,Simran Krishnan,Female,45-54,9587825610,simran.krishnan16@yahoo.com,Thiruvananthapuram,Kerala,695001,New,Instagram Ads,2022-04-27,Yes,No,4,253593.35
CUST10025,Vandana Bhatia,Female,18-24,9279835019,vandana.bhatia86@gmail.com,Jalandhar,Punjab,144001,Premium,Referral,2022-05-13,Yes,No,7,51612.7
CUST10026,Prateek Shah,Male,35-44,9746987371,prateek.shah28@gmail.com,Ajmer,Rajasthan,305001,New,Facebook Ads,2023-08-08,No,Yes,2,62398.05
CUST10027,Ashish Reddy,Male,18-24,9773722886,ashish.reddy31@rediffmail.com,Chennai,Tamil Nadu,600041,Premium,Organic Search,2023-10-02,Yes,Yes,11,401631.95
CUST10028,Tushar Bhatia,Male,25-34,9956456637,tushar.bhatia51@gmail.com,Tiruchirappalli,Tamil Nadu,620001,New,Organic Search,2022-11-11,Yes,Yes,3,12506.25
CUST10029,Babita Bhosale,Female,35-44,9911349180,babita.bhosale86@outlook.com,Silchar,Assam,788001,Regular,Google Ads,2022-07-12,Yes,Yes,5,64308.05
CUST10030,Mansi Tiwari,Female,45-54,9248712877,mansi.tiwari90@outlook.com,Surat,Gujarat,395001,New,YouTube Ads,2022-07-12,Yes,No,5,119792.9
CUST10031,Harsh Srivastava,Male,25-34,9397320558,harsh.srivastava56@rediffmail.com,Gandhinagar,Gujarat,382010,New,Organic Search,2022-05-15,Yes,Yes,5,30022.55
CUST10032,Neha Khanna,Female,25-34,9302941168,neha.khanna24@hotmail.com,Gurugram,Haryana,122001,Regular,Organic Search,2023-06-24,No,No,6,136942.35
CUST10033,Amit Verma,Male,25-34,9963011879,amit.verma49@hotmail.com,Mumbai,Maharashtra,400001,Regular,Instagram Ads,2022-04-20,Yes,Yes,8,56947.6
CUST10034,Saurabh Shah,Male,55+,9537787789,saurabh.shah13@gmail.com,Hubli,Karnataka,580020,New,Google Ads,2022-08-19,Yes,No,4,31806.15
CUST10035,Vinay Patel,Male,45-54,9987466354,vinay.patel78@gmail.com,Ujjain,Madhya Pradesh,456001,Regular,Email Campaign,2023-12-31,No,Yes,7,130910.85
CUST10036,Kavita Iyer,Female,35-44,9303135817,kavita.iyer97@hotmail.com,Chennai,Tamil Nadu,600041,Premium,Google Ads,2022-05-17,Yes,No,14,636200.65
CUST10037,Mohit Malhotra,Male,35-44,9874298713,mohit.malhotra73@hotmail.com,Thrissur,Kerala,680001,New,Facebook Ads,2023-09-06,Yes,No,4,9460.7
CUST10038,Mohit Bhosale,Male,25-34,9492947415,mohit.bhosale68@yahoo.com,Faridabad,Haryana,121001,New,Google Ads,2023-07-24,Yes,Yes,4,36317.35
CUST10039,Rekha Shinde,Female,18-24,9900562863,rekha.shinde51@hotmail.com,Thrissur,Kerala,680001,Regular,Referral,2022-08-05,Yes,No,13,389829.15
CUST10040,Poonam Tiwari,Female,35-44,9621672779,poonam.tiwari58@gmail.com,Mangaluru,Karnataka,575001,Premium,Instagram Ads,2022-04-13,No,Yes,10,314837.85
CUST10041,Shruti Ahuja,Female,45-54,9315429407,shruti.ahuja95@rediffmail.com,Nashik,Maharashtra,422001,Premium,App Store,2022-08-06,Yes,Yes,7,87590.4
CUST10042,Megha Patil,Female,35-44,9953762821,megha.patil14@outlook.com,Udaipur,Rajasthan,313001,Regular,Organic Search,2022-01-27,No,Yes,7,112121.55
CUST10043,Geeta Naidu,Female,18-24,9922540161,geeta.naidu5@rediffmail.com,Hyderabad,Telangana,500081,Regular,Facebook Ads,2022-12-29,No,Yes,2,67395.4
CUST10044,Aarav Kumar,Male,25-34,9474212170,aarav.kumar85@yahoo.com,Mumbai,Maharashtra,400001,Regular,Organic Search,2023-12-28,Yes,No,9,127875.3
CUST10045,Neeraj Kumar,Male,25-34,9131839347,neeraj.kumar36@gmail.com,Nagpur,Maharashtra,440001,Regular,Instagram Ads,2023-12-31,No,Yes,2,14445.75
CUST10046,Vinay Bhosale,Male,25-34,9441023748,vinay.bhosale53@gmail.com,Howrah,West Bengal,711101,Regular,Facebook Ads,2022-03-31,Yes,No,4,7752.3
CUST10047,Tarun Desai,Male,45-54,9282721796,tarun.desai23@yahoo.com,Mumbai,Maharashtra,400001,New,Organic Search,2022-10-07,Yes,Yes,4,92361.45
CUST10048,Priya Pawar,Female,25-34,9905482031,priya.pawar34@outlook.com,Udaipur,Rajasthan,313001,New,Google Ads,2023-12-31,Yes,Yes,4,50804.55
CUST10049,Amisha Kadam,Female,45-54,9809578703,amisha.kadam39@hotmail.com,Gurgaon,Delhi,122001,Premium,Organic Search,2022-04-29,Yes,Yes,8,168823.95
CUST10050,Lata Sen,Female,25-34,9370347929,lata.sen4@outlook.com,Ajmer,Rajasthan,305001,New,Google Ads,2023-12-31,No,Yes,4,3409
CUST10051,Sandeep Kadam,Male,25-34,9778985795,sandeep.kadam19@gmail.com,Bengaluru,Karnataka,560001,Regular,Influencer Marketing,2022-01-07,Yes,Yes,4,187273.15
CUST10052,Neha Rao,Female,25-34,9687856600,neha.rao19@outlook.com,Kota,Rajasthan,324001,Regular,Facebook Ads,2022-11-18,No,Yes,5,160628.95
CUST10053,Ishita Murthy,Female,25-34,9996482587,ishita.murthy89@outlook.com,Agra,Uttar Pradesh,282001,New,Referral,2022-10-28,Yes,Yes,5,47764.35
CUST10054,Ananya Desai,Female,35-44,9732446884,ananya.desai46@outlook.com,Gurgaon,Delhi,122001,New,Email Campaign,2023-12-31,Yes,No,3,149332.15
CUST10055,Sachin Pandey,Male,18-24,9310965355,sachin.pandey63@hotmail.com,Dibrugarh,Assam,786001,New,Instagram Ads,2022-04-23,No,Yes,4,36616.35
CUST10056,Nikhil Kadam,Male,25-34,9866592983,nikhil.kadam7@hotmail.com,Amritsar,Punjab,143001,New,Facebook Ads,2022-01-27,Yes,No,4,27434.9
CUST10057,Swati Tiwari,Female,18-24,9326205184,swati.tiwari61@hotmail.com,Hubli,Karnataka,580020,Regular,Referral,2023-12-31,Yes,Yes,6,83392.4
CUST10058,Amit Pillai,Male,45-54,9998157720,amit.pillai39@yahoo.com,Vadodara,Gujarat,390001,Premium,Facebook Ads,2023-12-31,Yes,Yes,13,186988.45
CUST10059,Deepak Malhotra,Male,35-44,9184406787,deepak.malhotra41@gmail.com,Rajkot,Gujarat,360001,Regular,YouTube Ads,2022-03-13,Yes,No,9,159076.35
CUST10060,Rajesh Tiwari,Male,35-44,9552735061,rajesh.tiwari7@gmail.com,Tiruchirappalli,Tamil Nadu,620001,Premium,Referral,2023-12-31,Yes,Yes,10,201688.15
CUST10061,Ritika Roy,Female,18-24,9180157099,ritika.roy86@gmail.com,Meerut,Uttar Pradesh,250001,Regular,Google Ads,2022-06-20,Yes,Yes,7,199219.45
CUST10062,Abhishek Khanna,Male,18-24,9645155630,abhishek.khanna20@outlook.com,Ahmedabad,Gujarat,380015,New,Facebook Ads,2022-05-31,Yes,Yes,4,147928.95
CUST10063,Usha Sen,Female,25-34,9674266542,usha.sen10@outlook.com,Kolkata,West Bengal,700001,New,YouTube Ads,2023-12-31,No,Yes,4,37708.55
CUST10064,Abhishek Kapoor,Male,35-44,9819571606,abhishek.kapoor51@gmail.com,Agra,Uttar Pradesh,282001,VIP,Google Ads,2023-12-31,Yes,Yes,19,331406.6
CUST10065,Nidhi Chopra,Female,25-34,9746875253,nidhi.chopra40@hotmail.com,Thrissur,Kerala,680001,Premium,Influencer Marketing,2023-03-28,No,Yes,6,162836.9
CUST10066,Ritika More,Female,35-44,9559736325,ritika.more19@hotmail.com,Jaipur,Rajasthan,302019,Regular,Email Campaign,2022-01-23,Yes,No,6,58798.1
CUST10067,Pranav Sethi,Male,45-54,9777585281,pranav.sethi2@gmail.com,Nashik,Maharashtra,422001,Regular,Facebook Ads,2022-11-24,No,No,6,74690.85
CUST10068,Shruti Kadam,Female,25-34,9700920167,shruti.kadam50@gmail.com,Hyderabad,Telangana,500034,Premium,Referral,2023-04-20,Yes,No,8,105055.85
CUST10069,Akash Patel,Male,18-24,9646110647,akash.patel82@outlook.com,Jaipur,Rajasthan,302001,Premium,Instagram Ads,2023-11-27,Yes,Yes,19,597206.1
CUST10070,Divya Rao,Female,25-34,9606357590,divya.rao85@hotmail.com,Dwarka,Delhi,110075,VIP,Organic Search,2022-05-30,No,No,15,264860.7
CUST10071,Mansi Chopra,Female,25-34,9199486465,mansi.chopra55@hotmail.com,Lucknow,Uttar Pradesh,226001,Regular,Organic Search,2022-10-09,Yes,No,4,58945.8
CUST10072,Sandeep Menon,Male,55+,9723675822,sandeep.menon31@outlook.com,Ahmedabad,Gujarat,380001,New,Facebook Ads,2023-12-31,Yes,No,4,75874
CUST10073,Archana Dubey,Female,25-34,9256282685,archana.dubey4@outlook.com,Mysuru,Karnataka,570001,New,Organic Search,2022-05-19,Yes,Yes,5,15265.45
CUST10074,Mona Shukla,Female,18-24,9688221528,mona.shukla21@gmail.com,Bengaluru,Karnataka,560001,Regular,Organic Search,2023-03-29,Yes,No,7,53906.35
CUST10075,Riya Batra,Female,35-44,9731551211,riya.batra35@outlook.com,Greater Noida,Delhi,201310,New,Organic Search,2022-08-07,No,Yes,4,20561.6
CUST10076,Rakesh Das,Male,25-34,9821871360,rakesh.das53@hotmail.com,Kolkata,West Bengal,700064,New,Organic Search,2023-04-03,Yes,No,4,110224.7
CUST10077,Kavita Venkat,Female,25-34,9682942921,kavita.venkat84@gmail.com,Greater Noida,Delhi,201310,Regular,Organic Search,2022-04-11,No,Yes,8,44985.05
CUST10078,Ankit Datta,Male,45-54,9899503134,ankit.datta19@rediffmail.com,Lucknow,Uttar Pradesh,226001,New,Google Ads,2022-11-15,Yes,No,3,26197.2
CUST10079,Ananya Banerjee,Female,35-44,9619313600,ananya.banerjee16@yahoo.com,Aurangabad,Maharashtra,431001,New,Organic Search,2023-12-31,Yes,Yes,6,92776.75
CUST10080,Tarun Venkat,Male,25-34,9430653032,tarun.venkat70@hotmail.com,Hubli,Karnataka,580020,New,Organic Search,2023-06-18,No,No,1,949.05
CUST10081,Riya Shukla,Female,35-44,9901990998,riya.shukla70@hotmail.com,Hyderabad,Telangana,500081,New,Organic Search,2022-10-04,Yes,No,1,6522.75
CUST10082,Yash More,Male,25-34,9679755591,yash.more35@outlook.com,Mumbai,Maharashtra,400051,New,Google Ads,2022-07-10,Yes,Yes,5,61331.4
CUST10083,Alka Desai,Female,25-34,9178905334,alka.desai73@hotmail.com,Siliguri,West Bengal,734001,Premium,Google Ads,2023-09-12,Yes,Yes,8,169499.95
CUST10084,Rekha Yadav,Female,45-54,9555601753,rekha.yadav60@outlook.com,Mumbai,Maharashtra,400001,Premium,Google Ads,2022-03-15,No,No,10,229534.4
CUST10085,Ashish Garg,Male,35-44,9887446543,ashish.garg23@rediffmail.com,Mumbai,Maharashtra,400001,Premium,Google Ads,2022-12-20,Yes,No,10,126109.9
CUST10086,Komal Shah,Female,35-44,9327459936,komal.shah99@hotmail.com,Kota,Rajasthan,324001,Regular,Email Campaign,2022-08-14,Yes,Yes,6,23384.15
CUST10087,Ishita Ahuja,Female,25-34,9746504516,ishita.ahuja76@gmail.com,Mumbai,Maharashtra,400092,New,YouTube Ads,2022-01-26,Yes,Yes,6,207268.55
CUST10088,Ishita Rao,Female,25-34,9822314162,ishita.rao10@yahoo.com,Bengaluru,Karnataka,560001,Regular,Organic Search,2022-05-17,No,No,7,164132.2
CUST10089,Nisha Joshi,Female,35-44,9939421034,nisha.joshi25@hotmail.com,Thane,Maharashtra,400601,VIP,Organic Search,2023-06-14,No,Yes,12,101095.6
CUST10090,Akash Ahuja,Male,25-34,9804491399,akash.ahuja1@outlook.com,Kochi,Kerala,682001,New,Facebook Ads,2022-05-17,Yes,Yes,5,146578.5
CUST10091,Usha Reddy,Female,25-34,9656743299,usha.reddy40@gmail.com,Amritsar,Punjab,143001,New,Organic Search,2022-07-17,Yes,No,1,55998
CUST10092,Nikhil Shinde,Male,35-44,9607348532,nikhil.shinde38@gmail.com,Rajkot,Gujarat,360001,New,YouTube Ads,2023-02-08,Yes,Yes,2,23256.1
CUST10093,Aarav Kulkarni,Male,35-44,9807884182,aarav.kulkarni64@rediffmail.com,Indore,Madhya Pradesh,452001,Premium,Referral,2023-12-13,No,Yes,12,88196.4
CUST10094,Sandeep Rao,Male,35-44,9661547685,sandeep.rao47@yahoo.com,Surat,Gujarat,395001,VIP,Instagram Ads,2022-06-03,Yes,Yes,19,395402.7
CUST10095,Nisha Sharma,Female,25-34,9474535348,nisha.sharma16@hotmail.com,Mumbai,Maharashtra,400001,Regular,Instagram Ads,2022-03-11,Yes,No,3,250335.35
CUST10096,Piyush Bhosale,Male,18-24,9776571609,piyush.bhosale22@hotmail.com,Ludhiana,Punjab,141001,Regular,Google Ads,2023-05-13,No,No,7,93802.3
CUST10097,Ajay Khanna,Male,18-24,9569269022,ajay.khanna90@outlook.com,Hyderabad,Telangana,500034,Premium,Organic Search,2023-12-31,No,No,15,289973.35
CUST10098,Shruti Krishnan,Female,45-54,9905100632,shruti.krishnan33@rediffmail.com,Hisar,Haryana,125001,Premium,Organic Search,2022-12-26,Yes,Yes,6,152726.05
CUST10099,Sakshi Pandey,Female,45-54,9684849075,sakshi.pandey72@outlook.com,Mumbai,Maharashtra,400092,Regular,Organic Search,2023-04-20,Yes,Yes,9,41266.6
CUST10100,Shubham Singh,Male,55+,9856992772,shubham.singh71@yahoo.com,Ludhiana,Punjab,141001,Regular,Instagram Ads,2022-03-18,Yes,No,7,227780.95
CUST10101,Madhuri Chopra,Female,18-24,9150573534,madhuri.chopra8@outlook.com,Surat,Gujarat,395001,New,Organic Search,2022-10-31,Yes,Yes,6,60690.95
CUST10102,Akash Datta,Male,25-34,9704922176,akash.datta95@yahoo.com,Ahmedabad,Gujarat,380001,Regular,Google Ads,2023-12-31,Yes,Yes,13,151565.4
CUST10103,Archana Banerjee,Female,35-44,9941223280,archana.banerjee11@outlook.com,Mangaluru,Karnataka,575001,Regular,Organic Search,2023-12-31,Yes,Yes,7,244387.6
CUST10104,Sakshi Malhotra,Female,35-44,9423623977,sakshi.malhotra74@outlook.com,New Delhi,Delhi,110001,Regular,Google Ads,2023-12-31,Yes,No,4,57746.4
CUST10105,Ravi Srivastava,Male,35-44,9798717633,ravi.srivastava81@rediffmail.com,Thane,Maharashtra,400601,New,YouTube Ads,2023-09-02,Yes,Yes,4,9750.7
CUST10106,Kavita Pandey,Female,25-34,9128855957,kavita.pandey57@outlook.com,Thane,Maharashtra,400601,Regular,Facebook Ads,2022-03-29,Yes,Yes,7,120969.65
CUST10107,Madhuri Sharma,Female,25-34,9296583467,madhuri.sharma80@hotmail.com,Thiruvananthapuram,Kerala,695001,Regular,Organic Search,2023-01-13,Yes,Yes,9,108326.35
CUST10108,Lalit Bhatia,Male,55+,9890874248,lalit.bhatia89@rediffmail.com,Thane,Maharashtra,400601,New,YouTube Ads,2022-09-18,Yes,Yes,5,149246.35
CUST10109,Naveen Murthy,Male,55+,9947246241,naveen.murthy13@hotmail.com,Warangal,Telangana,506001,Regular,Instagram Ads,2023-01-19,Yes,No,11,200317.35
CUST10110,Usha Desai,Female,18-24,9613719587,usha.desai52@rediffmail.com,New Delhi,Delhi,110001,New,Organic Search,2022-03-02,No,Yes,2,8637.5
CUST10111,Dinesh Rao,Male,35-44,9249996244,dinesh.rao65@outlook.com,Madurai,Tamil Nadu,625001,Regular,YouTube Ads,2022-07-31,Yes,Yes,9,209478.75
CUST10112,Hemant Batra,Male,55+,9648123583,hemant.batra42@hotmail.com,Dwarka,Delhi,110075,Premium,YouTube Ads,2023-08-25,Yes,Yes,8,79523.5
CUST10113,Simran Bansal,Female,25-34,9750205817,simran.bansal79@hotmail.com,Dibrugarh,Assam,786001,Regular,Organic Search,2023-12-31,No,Yes,8,97360.35
CUST10114,Saurabh Dubey,Male,25-34,9739671348,saurabh.dubey9@yahoo.com,Udaipur,Rajasthan,313001,Premium,Organic Search,2022-02-14,Yes,No,5,13042.75
CUST10115,Naveen Mishra,Male,25-34,9128447485,naveen.mishra8@outlook.com,Siliguri,West Bengal,734001,New,Instagram Ads,2023-12-31,No,Yes,4,114372.1
CUST10116,Vivek Bhatia,Male,35-44,9806986667,vivek.bhatia46@hotmail.com,Bengaluru,Karnataka,560076,Regular,Organic Search,2023-10-01,Yes,Yes,5,63558.5
CUST10117,Mohit Arora,Male,35-44,9631775615,mohit.arora64@hotmail.com,Bengaluru,Karnataka,560076,VIP,Organic Search,2022-06-10,No,Yes,19,541206.45
CUST10118,Kunal Srivastava,Male,35-44,9394494708,kunal.srivastava98@rediffmail.com,Noida,Delhi,201301,Premium,Influencer Marketing,2022-05-30,Yes,Yes,5,120888.7
CUST10119,Mansi Chopra,Female,45-54,9418220423,mansi.chopra77@rediffmail.com,Kota,Rajasthan,324001,Premium,Email Campaign,2022-05-18,Yes,No,17,228578.55
CUST10120,Neha Agarwal,Female,35-44,9177250740,neha.agarwal52@outlook.com,Ahmedabad,Gujarat,380001,New,Instagram Ads,2022-03-18,Yes,Yes,1,39998.4
CUST10121,Rohit Banerjee,Male,25-34,9460684343,rohit.banerjee57@outlook.com,Faridabad,Haryana,121001,VIP,Influencer Marketing,2023-12-31,Yes,No,16,617213.15
CUST10122,Geeta Datta,Female,45-54,9907353485,geeta.datta20@outlook.com,Agra,Uttar Pradesh,282001,New,Facebook Ads,2023-11-18,Yes,No,4,82250.9
CUST10123,Babita Patil,Female,45-54,9666593282,babita.patil28@yahoo.com,Mysuru,Karnataka,570001,Premium,Google Ads,2023-06-18,Yes,Yes,12,133542.45
CUST10124,Ankit Pandey,Male,25-34,9266558850,ankit.pandey26@gmail.com,Hyderabad,Telangana,500081,New,Organic Search,2023-12-31,No,Yes,5,37380.35
CUST10125,Amisha Bhatia,Female,45-54,9379294899,amisha.bhatia39@yahoo.com,Vadodara,Gujarat,390001,Regular,Organic Search,2023-01-11,No,No,5,43894.05
CUST10126,Rashi Tiwari,Female,25-34,9952170240,rashi.tiwari61@yahoo.com,Jodhpur,Rajasthan,342001,Regular,Organic Search,2022-06-18,Yes,Yes,8,66004.7
CUST10127,Rajesh Sharma,Male,35-44,9645720694,rajesh.sharma14@hotmail.com,Coimbatore,Tamil Nadu,641001,Regular,YouTube Ads,2022-04-15,Yes,Yes,7,133675.95
CUST10128,Ankit Naidu,Male,18-24,9547544762,ankit.naidu77@rediffmail.com,Dwarka,Delhi,110075,New,Influencer Marketing,2023-12-31,No,No,3,68687.4
CUST10129,Vivek Srivastava,Male,35-44,9516370664,vivek.srivastava37@gmail.com,Thiruvananthapuram,Kerala,695001,New,Organic Search,2022-05-18,Yes,No,7,286662.05
CUST10130,Ankit Sharma,Male,25-34,9739906005,ankit.sharma24@gmail.com,Amritsar,Punjab,143001,New,Google Ads,2022-07-31,Yes,Yes,6,62661.7
CUST10131,Manish Srivastava,Male,45-54,9709806262,manish.srivastava91@rediffmail.com,Kanpur,Uttar Pradesh,208001,New,App Store,2022-06-14,No,Yes,3,252004.5
CUST10132,Megha Menon,Female,18-24,9134835938,megha.menon88@rediffmail.com,Puri,Odisha,752001,Regular,Influencer Marketing,2023-12-31,No,Yes,9,154825.55
CUST10133,Ashish Singh,Male,18-24,9302461438,ashish.singh46@hotmail.com,Cuttack,Odisha,753001,VIP,Organic Search,2022-04-16,Yes,Yes,14,146068.85
CUST10134,Geeta Pillai,Female,25-34,9758567705,geeta.pillai7@hotmail.com,Amritsar,Punjab,143001,Regular,YouTube Ads,2022-03-16,Yes,No,5,18859.85
CUST10135,Deepika Bhosale,Female,35-44,9992218861,deepika.bhosale69@outlook.com,Jodhpur,Rajasthan,342001,New,Organic Search,2022-09-28,Yes,Yes,8,111367.75
CUST10136,Pallavi Mishra,Female,45-54,9357961595,pallavi.mishra13@yahoo.com,Jaipur,Rajasthan,302001,VIP,Facebook Ads,2023-12-31,Yes,Yes,17,265878
CUST10137,Aishwarya Garg,Female,35-44,9229060798,aishwarya.garg39@hotmail.com,Hubli,Karnataka,580020,New,YouTube Ads,2023-12-31,Yes,No,7,177410.25
CUST10138,Archana Sethi,Female,45-54,9933660504,archana.sethi75@hotmail.com,Ahmedabad,Gujarat,380001,Premium,App Store,2022-03-28,No,Yes,15,196969.55
CUST10139,Lata Singh,Female,25-34,9963232992,lata.singh23@hotmail.com,Mysuru,Karnataka,570001,VIP,App Store,2022-10-21,Yes,Yes,18,139156.1
CUST10140,Suresh Ghosh,Male,25-34,9829486361,suresh.ghosh69@gmail.com,Madurai,Tamil Nadu,625001,New,Organic Search,2022-03-18,No,No,7,217326.3
CUST10141,Amit Sethi,Male,25-34,9933955060,amit.sethi30@gmail.com,Bengaluru,Karnataka,560100,New,Google Ads,2023-12-31,Yes,No,5,246650.2
CUST10142,Sunita Jadhav,Female,18-24,9961698211,sunita.jadhav12@gmail.com,Thrissur,Kerala,680001,VIP,Organic Search,2022-07-10,Yes,Yes,18,366785.6
CUST10143,Naveen Patel,Male,45-54,9816567201,naveen.patel33@outlook.com,Thiruvananthapuram,Kerala,695001,Premium,Email Campaign,2023-05-01,No,Yes,9,207425.85
CUST10144,Sunita Kadam,Female,35-44,9564337287,sunita.kadam65@hotmail.com,Siliguri,West Bengal,734001,Premium,Instagram Ads,2022-10-14,Yes,No,8,227070.9
CUST10145,Mohit Rastogi,Male,35-44,9249498226,mohit.rastogi32@gmail.com,Hyderabad,Telangana,500034,New,Referral,2023-02-07,No,Yes,6,111717.8
CUST10146,Sandeep Mishra,Male,35-44,9339424594,sandeep.mishra56@rediffmail.com,Hisar,Haryana,125001,VIP,YouTube Ads,2023-12-31,Yes,Yes,16,121299.15
CUST10147,Nitin Pillai,Male,25-34,9512314990,nitin.pillai89@gmail.com,Bengaluru,Karnataka,560001,Regular,Referral,2022-04-05,Yes,Yes,7,133951.95
CUST10148,Rekha Patil,Female,18-24,9645826945,rekha.patil93@hotmail.com,Aurangabad,Maharashtra,431001,New,Referral,2022-06-13,Yes,No,3,80584.85
CUST10149,Abhishek Kapoor,Male,45-54,9792619759,abhishek.kapoor30@outlook.com,Dwarka,Delhi,110075,Regular,Facebook Ads,2023-03-07,Yes,Yes,10,87741.5
CUST10150,Vikram Rastogi,Male,35-44,9312565052,vikram.rastogi46@outlook.com,Rajkot,Gujarat,360001,Regular,Google Ads,2022-08-03,Yes,No,6,128125.05
CUST10151,Karan Shinde,Male,18-24,9951355128,karan.shinde84@yahoo.com,Madurai,Tamil Nadu,625001,Regular,Google Ads,2022-04-28,No,Yes,4,78793.35
CUST10152,Suresh Mehta,Male,25-34,9783429168,suresh.mehta23@hotmail.com,Kochi,Kerala,682001,Regular,Organic Search,2023-12-31,Yes,Yes,8,396064.2
CUST10153,Amit Shukla,Male,35-44,9473795116,amit.shukla91@gmail.com,Panipat,Haryana,132103,Regular,Organic Search,2022-07-25,No,No,3,162108
CUST10154,Sandeep Datta,Male,35-44,9393890150,sandeep.datta86@gmail.com,Agra,Uttar Pradesh,282001,Regular,Google Ads,2022-11-26,Yes,No,13,241752.05
CUST10155,Abhishek Verma,Male,35-44,9616596793,abhishek.verma82@gmail.com,Kolkata,West Bengal,700001,Regular,Instagram Ads,2022-03-17,No,No,5,11658.1
CUST10156,Sumit Bose,Male,35-44,9802693032,sumit.bose52@yahoo.com,Mangaluru,Karnataka,575001,New,YouTube Ads,2022-01-04,Yes,Yes,8,155065.15
CUST10157,Amit Krishnan,Male,18-24,9545363421,amit.krishnan9@gmail.com,Nashik,Maharashtra,422001,New,Instagram Ads,2022-07-30,Yes,No,5,153073.25
CUST10158,Sunita Agarwal,Female,35-44,9492691358,sunita.agarwal18@outlook.com,Bengaluru,Karnataka,560001,New,Facebook Ads,2022-02-13,No,Yes,7,28689.05
CUST10159,Mona Bhosale,Female,55+,9244518838,mona.bhosale3@gmail.com,Dwarka,Delhi,110075,New,Email Campaign,2022-10-25,Yes,Yes,3,25196.1
CUST10160,Deepak Murthy,Male,55+,9459862005,deepak.murthy5@outlook.com,Bengaluru,Karnataka,560076,Regular,Instagram Ads,2022-09-04,Yes,Yes,9,21458.8
CUST10161,Saurabh Kapoor,Male,25-34,9312128007,saurabh.kapoor91@gmail.com,Ajmer,Rajasthan,305001,Regular,Google Ads,2022-08-01,Yes,No,11,298264.1
CUST10162,Tushar Agarwal,Male,18-24,9240335149,tushar.agarwal88@hotmail.com,Noida,Delhi,201301,New,Facebook Ads,2023-07-22,Yes,No,3,226392.4
CUST10163,Usha Reddy,Female,35-44,9278329699,usha.reddy83@hotmail.com,Ahmedabad,Gujarat,380001,New,Google Ads,2022-01-08,No,Yes,6,129920.95
CUST10164,Kapil Kulkarni,Male,18-24,9900128361,kapil.kulkarni11@yahoo.com,Rohini,Delhi,110085,Premium,Google Ads,2023-01-15,Yes,Yes,11,216066.75
CUST10165,Shubham Mukherjee,Male,45-54,9962943401,shubham.mukherjee34@yahoo.com,Tiruchirappalli,Tamil Nadu,620001,New,Google Ads,2023-02-26,Yes,No,7,21027.25
CUST10166,Rahul Arora,Male,25-34,9464610845,rahul.arora75@gmail.com,Kolkata,West Bengal,700019,Regular,Referral,2023-05-28,Yes,No,10,355666.3
CUST10167,Usha Kapoor,Female,25-34,9375316911,usha.kapoor72@yahoo.com,Hubli,Karnataka,580020,New,Influencer Marketing,2022-12-07,Yes,No,6,92282.5
CUST10168,Geeta Verma,Female,25-34,9279440098,geeta.verma94@yahoo.com,Ajmer,Rajasthan,305001,New,Organic Search,2023-12-31,No,Yes,0,0
CUST10169,Pallavi Shukla,Female,35-44,9713021776,pallavi.shukla23@rediffmail.com,Kanpur,Uttar Pradesh,208001,VIP,Organic Search,2023-01-12,Yes,Yes,20,171223
CUST10170,Divya Kadam,Female,25-34,9794076794,divya.kadam12@hotmail.com,Jaipur,Rajasthan,302001,New,YouTube Ads,2022-10-07,No,Yes,4,172592.55
CUST10171,Meena Pillai,Female,35-44,9549523721,meena.pillai7@yahoo.com,Panipat,Haryana,132103,Regular,Google Ads,2022-06-24,Yes,No,5,90685
CUST10172,Gaurav Ghosh,Male,25-34,9811987284,gaurav.ghosh94@rediffmail.com,Rohini,Delhi,110085,Regular,Instagram Ads,2022-03-03,Yes,Yes,9,193287.85
CUST10173,Vaishnavi Rao,Female,18-24,9864057553,vaishnavi.rao71@yahoo.com,Hubli,Karnataka,580020,Regular,Instagram Ads,2023-07-31,Yes,Yes,7,32230.4
CUST10174,Vaishnavi Sharma,Female,35-44,9428397114,vaishnavi.sharma97@hotmail.com,Greater Noida,Delhi,201310,New,YouTube Ads,2023-12-31,Yes,Yes,2,62397.7
CUST10175,Shruti Rao,Female,45-54,9996169374,shruti.rao82@rediffmail.com,Silchar,Assam,788001,VIP,Organic Search,2022-09-09,Yes,No,16,164847.75
CUST10176,Tarun Jadhav,Male,35-44,9970888369,tarun.jadhav16@gmail.com,Howrah,West Bengal,711101,Regular,Influencer Marketing,2023-12-31,No,Yes,6,210768.45
CUST10177,Piyush Datta,Male,45-54,9307381851,piyush.datta88@outlook.com,Varanasi,Uttar Pradesh,221001,New,Facebook Ads,2023-04-19,No,No,2,5506.5
CUST10178,Rekha Mehta,Female,25-34,9109695246,rekha.mehta37@gmail.com,Jodhpur,Rajasthan,342001,Premium,Instagram Ads,2023-05-26,Yes,No,13,55745.25
CUST10179,Sanjay Yadav,Male,55+,9622480788,sanjay.yadav51@rediffmail.com,Durgapur,West Bengal,713201,VIP,Instagram Ads,2023-01-06,Yes,Yes,22,433641.3
CUST10180,Lalit Datta,Male,25-34,9129683185,lalit.datta65@gmail.com,Secunderabad,Telangana,500003,New,App Store,2023-12-31,Yes,Yes,8,253508.4
CUST10181,Tushar Verma,Male,18-24,9955050327,tushar.verma23@gmail.com,Kolkata,West Bengal,700001,Regular,Facebook Ads,2023-12-31,Yes,No,4,58293.25
CUST10182,Sunita Shah,Female,25-34,9607104983,sunita.shah50@gmail.com,Siliguri,West Bengal,734001,Premium,Instagram Ads,2023-12-31,No,No,10,419930.05
CUST10183,Amit Patil,Male,18-24,9342277513,amit.patil65@hotmail.com,Gurgaon,Delhi,122001,New,SMS Campaign,2022-01-17,Yes,Yes,3,7854.55
CUST10184,Sumit Arora,Male,25-34,9348540887,sumit.arora9@rediffmail.com,Mysuru,Karnataka,570001,VIP,Google Ads,2023-10-08,Yes,Yes,15,540306.3
CUST10185,Divya Murthy,Female,45-54,9311324540,divya.murthy69@hotmail.com,Mangaluru,Karnataka,575001,VIP,Facebook Ads,2023-12-31,Yes,Yes,17,377030.65
CUST10186,Pallavi Patil,Female,35-44,9634331445,pallavi.patil29@hotmail.com,Bengaluru,Karnataka,560076,New,Organic Search,2022-02-24,Yes,Yes,2,7644.9
CUST10187,Komal Chopra,Female,25-34,9121662595,komal.chopra22@yahoo.com,Mumbai,Maharashtra,400092,New,Organic Search,2022-03-03,Yes,No,5,46525.35
CUST10188,Kapil Shinde,Male,45-54,9536714990,kapil.shinde18@hotmail.com,Gurgaon,Delhi,122001,Regular,YouTube Ads,2022-01-28,Yes,Yes,7,355351.9
CUST10189,Vikram Pandey,Male,35-44,9568260507,vikram.pandey47@hotmail.com,Hyderabad,Telangana,500001,Premium,Google Ads,2022-06-16,Yes,No,5,38722.5
CUST10190,Ishita Dubey,Female,35-44,9257178399,ishita.dubey47@yahoo.com,Surat,Gujarat,395001,VIP,Email Campaign,2023-09-29,Yes,No,13,359359.65
CUST10191,Amisha Kapoor,Female,18-24,9500268810,amisha.kapoor25@yahoo.com,Kota,Rajasthan,324001,Regular,Google Ads,2022-12-01,Yes,Yes,8,128877.25
CUST10192,Rohan Gupta,Male,35-44,9784440137,rohan.gupta4@rediffmail.com,Nashik,Maharashtra,422001,Regular,SMS Campaign,2023-06-25,Yes,No,7,22131.2
CUST10193,Divya Mukherjee,Female,25-34,9964744817,divya.mukherjee90@outlook.com,Hisar,Haryana,125001,Premium,YouTube Ads,2022-04-29,Yes,Yes,18,170400.1
CUST10194,Neha Tiwari,Female,35-44,9999764986,neha.tiwari68@yahoo.com,Mumbai,Maharashtra,400001,Regular,Influencer Marketing,2023-01-12,Yes,Yes,9,217949.9
CUST10195,Dinesh Yadav,Male,25-34,9728678459,dinesh.yadav42@yahoo.com,Chennai,Tamil Nadu,600041,VIP,YouTube Ads,2023-12-31,Yes,Yes,15,310458.65
CUST10196,Naveen Rao,Male,35-44,9616285418,naveen.rao65@rediffmail.com,Patiala,Punjab,147001,Regular,Google Ads,2023-06-23,Yes,Yes,6,257456.7
CUST10197,Archana Batra,Female,35-44,9967155003,archana.batra75@rediffmail.com,Hyderabad,Telangana,500034,Regular,Google Ads,2022-07-01,Yes,No,7,95848.7
CUST10198,Sonal Malhotra,Female,35-44,9972781049,sonal.malhotra37@yahoo.com,Rohini,Delhi,110085,Regular,Facebook Ads,2022-06-21,Yes,No,5,58205.85
CUST10199,Geeta Ghosh,Female,55+,9631253372,geeta.ghosh21@outlook.com,Rohini,Delhi,110085,New,Email Campaign,2022-02-27,Yes,No,0,0
CUST10200,Sandeep Sen,Male,25-34,9397160436,sandeep.sen98@yahoo.com,Ahmedabad,Gujarat,380015,New,Organic Search,2023-12-31,Yes,Yes,7,41286.25
CUST10201,Ritika Sethi,Female,35-44,9493861565,ritika.sethi33@hotmail.com,Aurangabad,Maharashtra,431001,Regular,Referral,2022-08-12,Yes,Yes,7,235867.75
CUST10202,Swati Menon,Female,18-24,9422130706,swati.menon4@gmail.com,Rajkot,Gujarat,360001,New,Email Campaign,2023-09-01,Yes,No,6,16968
CUST10203,Anjali Roy,Female,45-54,9653632744,anjali.roy84@hotmail.com,Dwarka,Delhi,110075,Regular,Instagram Ads,2022-03-26,Yes,Yes,4,131753.9
CUST10204,Vandana Kapoor,Female,25-34,9821153123,vandana.kapoor66@yahoo.com,Varanasi,Uttar Pradesh,221001,Regular,Facebook Ads,2022-01-02,No,Yes,4,20764.95
CUST10205,Vandana Rao,Female,18-24,9244991032,vandana.rao57@yahoo.com,Agra,Uttar Pradesh,282001,Premium,Google Ads,2023-12-31,No,No,6,41421.25
CUST10206,Preeti Mukherjee,Female,25-34,9223868265,preeti.mukherjee91@rediffmail.com,Thrissur,Kerala,680001,Regular,Email Campaign,2023-12-31,Yes,Yes,7,293845.15
CUST10207,Rohit Dubey,Male,35-44,9778777146,rohit.dubey72@hotmail.com,Ahmedabad,Gujarat,380001,Regular,Facebook Ads,2022-12-16,Yes,Yes,6,176293.4
CUST10208,Tarun Agarwal,Male,18-24,9270299931,tarun.agarwal1@yahoo.com,Rajkot,Gujarat,360001,New,YouTube Ads,2022-02-12,Yes,No,9,126313.5
CUST10209,Babita Sen,Female,25-34,9168760775,babita.sen61@gmail.com,Jaipur,Rajasthan,302019,Regular,Influencer Marketing,2022-10-15,Yes,No,11,337818.1
CUST10210,Amisha Chatterjee,Female,35-44,9345619657,amisha.chatterjee98@yahoo.com,Hyderabad,Telangana,500081,Premium,Google Ads,2022-09-26,Yes,Yes,9,213812.6
CUST10211,Tarun Verma,Male,55+,9927460463,tarun.verma21@rediffmail.com,Panipat,Haryana,132103,New,Organic Search,2022-09-27,Yes,Yes,6,78592.6
CUST10212,Mona Reddy,Female,35-44,9307377644,mona.reddy9@yahoo.com,Mysuru,Karnataka,570001,New,Influencer Marketing,2023-07-17,Yes,Yes,1,3749.25
CUST10213,Prateek Shukla,Male,35-44,9475526044,prateek.shukla99@outlook.com,Mumbai,Maharashtra,400001,Regular,Google Ads,2023-12-31,Yes,No,12,113234.55
CUST10214,Mansi Bhosale,Female,25-34,9834876130,mansi.bhosale80@outlook.com,Ludhiana,Punjab,141001,Regular,SMS Campaign,2022-06-12,Yes,No,13,196339.8
CUST10215,Aarav Kulkarni,Male,35-44,9689691873,aarav.kulkarni52@gmail.com,Jodhpur,Rajasthan,342001,New,Email Campaign,2023-01-19,Yes,No,2,109446.15
CUST10216,Sonal Bansal,Female,25-34,9754338886,sonal.bansal31@rediffmail.com,Gurugram,Haryana,122001,Regular,Instagram Ads,2023-12-31,No,Yes,3,192489
CUST10217,Tushar Jain,Male,35-44,9581540497,tushar.jain57@rediffmail.com,Bengaluru,Karnataka,560001,New,Google Ads,2023-09-06,Yes,Yes,4,168507.1
CUST10218,Usha Malhotra,Female,18-24,9396342199,usha.malhotra3@outlook.com,Thrissur,Kerala,680001,Regular,Organic Search,2023-12-31,Yes,Yes,3,153534.1
CUST10219,Aditya Iyer,Male,45-54,9337686595,aditya.iyer15@gmail.com,Durgapur,West Bengal,713201,New,Instagram Ads,2023-12-31,Yes,Yes,7,52804.15
CUST10220,Madhuri Srivastava,Female,25-34,9864214055,madhuri.srivastava40@hotmail.com,Chennai,Tamil Nadu,600001,Regular,Instagram Ads,2022-08-18,Yes,Yes,11,240083.65
CUST10221,Aditya Yadav,Male,25-34,9663131226,aditya.yadav63@yahoo.com,Hyderabad,Telangana,500081,New,Google Ads,2022-02-10,Yes,Yes,8,157642.7
CUST10222,Sandeep Dubey,Male,55+,9233545492,sandeep.dubey30@outlook.com,Jalandhar,Punjab,144001,New,Instagram Ads,2023-07-10,Yes,Yes,1,3117.6
CUST10223,Shubham Malhotra,Male,25-34,9218577349,shubham.malhotra10@outlook.com,Ujjain,Madhya Pradesh,456001,Premium,Google Ads,2023-10-14,Yes,No,17,278520.75
CUST10224,Mansi Venkat,Female,25-34,9245646387,mansi.venkat55@yahoo.com,Varanasi,Uttar Pradesh,221001,VIP,Facebook Ads,2022-06-14,Yes,No,19,386764
CUST10225,Nidhi Sethi,Female,25-34,9121059503,nidhi.sethi87@hotmail.com,Mumbai,Maharashtra,400001,Premium,YouTube Ads,2022-03-11,Yes,Yes,10,487593.75
CUST10226,Megha Roy,Female,25-34,9888029057,megha.roy56@gmail.com,Bengaluru,Karnataka,560076,Regular,Facebook Ads,2023-12-31,No,Yes,8,278616.65
CUST10227,Ishita Jadhav,Female,25-34,9336131856,ishita.jadhav66@hotmail.com,Tiruchirappalli,Tamil Nadu,620001,New,Influencer Marketing,2022-05-19,Yes,Yes,4,7760.9
CUST10228,Rahul Das,Male,18-24,9795554926,rahul.das93@rediffmail.com,Pune,Maharashtra,411001,New,Google Ads,2022-03-08,No,Yes,4,130389.2
CUST10229,Suresh Mishra,Male,45-54,9733855674,suresh.mishra37@gmail.com,Dwarka,Delhi,110075,Premium,App Store,2022-02-17,Yes,Yes,12,641079.6
CUST10230,Rahul Chakraborty,Male,18-24,9276027586,rahul.chakraborty78@hotmail.com,Mumbai,Maharashtra,400092,Regular,Referral,2022-04-02,Yes,Yes,9,91166.1
CUST10231,Rakesh Kapoor,Male,25-34,9344382146,rakesh.kapoor22@hotmail.com,Tiruchirappalli,Tamil Nadu,620001,Regular,Influencer Marketing,2023-05-13,Yes,No,2,31395.3
CUST10232,Ishita Nair,Female,35-44,9369100381,ishita.nair22@rediffmail.com,Aurangabad,Maharashtra,431001,New,YouTube Ads,2023-12-31,No,No,4,152995.6
CUST10233,Ajay Rastogi,Male,35-44,9236525049,ajay.rastogi49@yahoo.com,Coimbatore,Tamil Nadu,641001,New,Organic Search,2022-01-17,Yes,No,3,13413.9
CUST10234,Vinay Datta,Male,18-24,9635559385,vinay.datta93@gmail.com,Noida,Delhi,201301,Regular,Google Ads,2022-06-09,Yes,Yes,6,65214.15
CUST10235,Neeraj Jadhav,Male,25-34,9975604562,neeraj.jadhav65@outlook.com,Hyderabad,Telangana,500001,Regular,Instagram Ads,2023-12-31,Yes,Yes,7,312922.1
CUST10236,Pooja Ahuja,Female,35-44,9234690471,pooja.ahuja78@rediffmail.com,Kolkata,West Bengal,700064,Premium,Influencer Marketing,2022-08-16,No,No,12,69861.8
CUST10237,Sanjay Pillai,Male,25-34,9191653469,sanjay.pillai64@yahoo.com,Greater Noida,Delhi,201310,Premium,Organic Search,2023-05-14,No,Yes,12,124195.1
CUST10238,Sandeep Chopra,Male,55+,9548127406,sandeep.chopra20@gmail.com,Kolkata,West Bengal,700019,Regular,Instagram Ads,2022-09-27,Yes,Yes,3,6379.45
CUST10239,Deepika Das,Female,35-44,9523924443,deepika.das90@yahoo.com,Kochi,Kerala,682001,New,Instagram Ads,2022-05-28,Yes,No,4,67671.55
CUST10240,Dinesh Ghosh,Male,25-34,9585622723,dinesh.ghosh33@gmail.com,Ahmedabad,Gujarat,380001,VIP,Google Ads,2023-05-10,Yes,No,14,100577.5
CUST10241,Nikhil Nair,Male,18-24,9445856780,nikhil.nair71@yahoo.com,Jaipur,Rajasthan,302019,Premium,Facebook Ads,2023-01-05,Yes,Yes,12,300111.4
CUST10242,Sonal Shah,Female,35-44,9764659697,sonal.shah88@rediffmail.com,Pune,Maharashtra,411001,Regular,App Store,2022-08-29,Yes,Yes,6,87116
CUST10243,Swati Kapoor,Female,25-34,9940658181,swati.kapoor35@hotmail.com,Udaipur,Rajasthan,313001,New,Organic Search,2022-07-26,Yes,Yes,2,44968.45
CUST10244,Alka Kulkarni,Female,35-44,9592326525,alka.kulkarni43@outlook.com,Rourkela,Odisha,769001,Regular,YouTube Ads,2022-09-02,Yes,Yes,8,170581.45
CUST10245,Tushar Patel,Male,55+,9125526338,tushar.patel69@rediffmail.com,Mumbai,Maharashtra,400051,Regular,Facebook Ads,2023-01-13,Yes,Yes,2,73623.1
CUST10246,Kunal Chakraborty,Male,35-44,9899906105,kunal.chakraborty93@gmail.com,Bengaluru,Karnataka,560001,VIP,Email Campaign,2022-11-21,Yes,Yes,16,112039.85
CUST10247,Kunal Jain,Male,25-34,9504965468,kunal.jain19@hotmail.com,Secunderabad,Telangana,500003,Premium,Influencer Marketing,2023-12-31,Yes,No,13,544467.6
CUST10248,Tushar Singh,Male,55+,9422770535,tushar.singh58@hotmail.com,Rohini,Delhi,110085,Regular,Instagram Ads,2023-07-06,Yes,No,9,290117.7
CUST10249,Shweta Krishnan,Female,35-44,9289045702,shweta.krishnan59@yahoo.com,Dwarka,Delhi,110075,Regular,Organic Search,2023-12-31,Yes,No,5,69543.05
CUST10250,Vikas Bose,Male,55+,9615516983,vikas.bose66@gmail.com,Indore,Madhya Pradesh,452001,Regular,YouTube Ads,2022-03-26,Yes,Yes,6,95204.15
CUST10251,Vivek Verma,Male,35-44,9679535267,vivek.verma47@rediffmail.com,Kolkata,West Bengal,700001,Premium,Influencer Marketing,2022-01-12,No,Yes,8,249183.85
CUST10252,Sakshi Murthy,Female,35-44,9635247496,sakshi.murthy53@rediffmail.com,Kolkata,West Bengal,700019,Regular,App Store,2022-02-11,No,No,6,48894.95
CUST10253,Manoj Joshi,Male,18-24,9539366760,manoj.joshi53@gmail.com,Dwarka,Delhi,110075,VIP,Organic Search,2023-12-31,Yes,Yes,18,366409.6
CUST10254,Shruti Pawar,Female,45-54,9598970256,shruti.pawar28@yahoo.com,Faridabad,Haryana,121001,Regular,YouTube Ads,2022-06-24,Yes,No,2,69597.4
CUST10255,Komal Chakraborty,Female,55+,9862060604,komal.chakraborty67@yahoo.com,Gurugram,Haryana,122001,Premium,Facebook Ads,2022-09-17,No,Yes,10,345901.7
CUST10256,Sumit Wadhwa,Male,35-44,9780471534,sumit.wadhwa23@rediffmail.com,Kolkata,West Bengal,700001,Regular,Influencer Marketing,2022-10-11,No,No,3,15899.25
CUST10257,Usha Sharma,Female,45-54,9401583344,usha.sharma67@hotmail.com,Ajmer,Rajasthan,305001,Regular,Instagram Ads,2022-03-18,No,Yes,5,66934.1
CUST10258,Pallavi Banerjee,Female,35-44,9183239597,pallavi.banerjee84@rediffmail.com,Aurangabad,Maharashtra,431001,Regular,Influencer Marketing,2023-03-19,No,No,4,27965.7
CUST10259,Pallavi Shah,Female,25-34,9191327125,pallavi.shah81@gmail.com,Pune,Maharashtra,411057,Regular,Google Ads,2022-06-01,No,No,9,79663.45
CUST10260,Sunita Rao,Female,25-34,9904882056,sunita.rao13@gmail.com,Chandigarh,Punjab,160001,New,Facebook Ads,2023-03-14,Yes,Yes,4,182575.15
CUST10261,Amisha Sharma,Female,55+,9794048101,amisha.sharma77@yahoo.com,Vadodara,Gujarat,390001,Regular,Google Ads,2022-04-24,No,No,6,11729
CUST10262,Vaishnavi Murthy,Female,25-34,9485707040,vaishnavi.murthy11@outlook.com,Jaipur,Rajasthan,302019,Regular,Organic Search,2023-12-31,Yes,Yes,5,34536.2
CUST10263,Lalit Murthy,Male,18-24,9801245370,lalit.murthy92@gmail.com,Jalandhar,Punjab,144001,New,Google Ads,2022-04-29,No,Yes,2,9744.85
CUST10264,Alka Agarwal,Female,25-34,9101210670,alka.agarwal40@gmail.com,Lucknow,Uttar Pradesh,226001,Regular,Facebook Ads,2022-07-08,Yes,Yes,6,40869.35
CUST10265,Gaurav Kulkarni,Male,25-34,9514790074,gaurav.kulkarni12@yahoo.com,Nashik,Maharashtra,422001,Regular,Organic Search,2022-07-25,Yes,No,9,233481.35
CUST10266,Neeraj Patel,Male,45-54,9148908611,neeraj.patel52@outlook.com,Kochi,Kerala,682001,Premium,Organic Search,2022-04-10,No,No,9,134845.85
CUST10267,Kiran Sen,Female,18-24,9196874897,kiran.sen24@hotmail.com,Chennai,Tamil Nadu,600041,New,YouTube Ads,2023-03-29,Yes,Yes,5,15234.75
CUST10268,Anjali Bhatia,Female,18-24,9174805289,anjali.bhatia8@yahoo.com,Meerut,Uttar Pradesh,250001,Regular,Google Ads,2022-08-19,Yes,No,5,67672.9
CUST10269,Aarav Kadam,Male,18-24,9731316136,aarav.kadam72@hotmail.com,Rohini,Delhi,110085,Premium,Google Ads,2023-12-31,Yes,No,6,82708.95
CUST10270,Neha Mukherjee,Female,35-44,9579043321,neha.mukherjee92@yahoo.com,Bhubaneswar,Odisha,751001,New,Instagram Ads,2022-07-16,No,No,4,5936.15
CUST10271,Akash Kapoor,Male,45-54,9364559697,akash.kapoor88@rediffmail.com,Mumbai,Maharashtra,400001,New,Google Ads,2022-05-18,No,No,5,215050.85
CUST10272,Ritika Kadam,Female,35-44,9248629403,ritika.kadam20@hotmail.com,Nagpur,Maharashtra,440001,Regular,Organic Search,2022-05-12,Yes,Yes,3,85355.25
CUST10273,Swati Banerjee,Female,18-24,9337979879,swati.banerjee25@outlook.com,Allahabad,Uttar Pradesh,211001,New,SMS Campaign,2023-03-08,Yes,Yes,3,48819.75
CUST10274,Varun Singh,Male,18-24,9338973309,varun.singh34@rediffmail.com,Mangaluru,Karnataka,575001,Premium,Instagram Ads,2022-02-17,No,Yes,8,316970.2
CUST10275,Aarav Joshi,Male,35-44,9228853143,aarav.joshi97@gmail.com,Pune,Maharashtra,411057,Regular,Influencer Marketing,2022-03-13,Yes,Yes,7,103110.3
CUST10276,Simran Ahuja,Female,35-44,9363637518,simran.ahuja55@rediffmail.com,Bengaluru,Karnataka,560076,VIP,Facebook Ads,2022-05-24,Yes,No,22,242917.4
CUST10277,Vinay Bhosale,Male,55+,9683872375,vinay.bhosale51@gmail.com,Puri,Odisha,752001,Regular,YouTube Ads,2022-05-18,Yes,No,10,166528.65
CUST10278,Ishita Shah,Female,25-34,9528644747,ishita.shah50@hotmail.com,Coimbatore,Tamil Nadu,641001,Premium,Facebook Ads,2022-01-10,Yes,Yes,9,340580.05
CUST10279,Geeta Banerjee,Female,45-54,9188262191,geeta.banerjee85@yahoo.com,Chennai,Tamil Nadu,600041,Regular,YouTube Ads,2022-02-20,No,Yes,7,138179.8
CUST10280,Tanvi Rastogi,Female,18-24,9999631079,tanvi.rastogi8@hotmail.com,Durgapur,West Bengal,713201,Regular,Organic Search,2023-05-06,Yes,Yes,9,280350
CUST10281,Ajay Singh,Male,25-34,9344105757,ajay.singh33@gmail.com,Rourkela,Odisha,769001,Regular,Google Ads,2022-04-20,Yes,Yes,3,27916.15
CUST10282,Rohit Shinde,Male,25-34,9440632313,rohit.shinde41@rediffmail.com,Dwarka,Delhi,110075,Regular,Email Campaign,2022-07-10,Yes,No,7,201172.1
CUST10283,Sachin Pandey,Male,18-24,9712070229,sachin.pandey90@yahoo.com,Hyderabad,Telangana,500034,Premium,Google Ads,2022-03-21,Yes,Yes,19,280604.55
CUST10284,Ritika Murthy,Female,18-24,9141840991,ritika.murthy15@rediffmail.com,Hyderabad,Telangana,500081,VIP,YouTube Ads,2022-05-03,Yes,No,14,96572.95
CUST10285,Jyoti Krishnan,Female,35-44,9298338338,jyoti.krishnan93@outlook.com,Jodhpur,Rajasthan,342001,VIP,Google Ads,2023-01-16,Yes,No,14,129157.05
CUST10286,Harsh Nair,Male,25-34,9718414941,harsh.nair16@rediffmail.com,Nashik,Maharashtra,422001,New,YouTube Ads,2022-02-28,Yes,No,3,400669.25
CUST10287,Simran Iyer,Female,25-34,9921298296,simran.iyer55@yahoo.com,Chennai,Tamil Nadu,600001,Premium,Instagram Ads,2023-08-16,No,Yes,15,184715.15
CUST10288,Lalit More,Male,18-24,9532781343,lalit.more46@hotmail.com,Indore,Madhya Pradesh,452001,Regular,Google Ads,2022-02-16,Yes,Yes,6,37121.85
CUST10289,Pooja Banerjee,Female,25-34,9291642376,pooja.banerjee86@rediffmail.com,Secunderabad,Telangana,500003,Regular,Google Ads,2023-03-11,Yes,Yes,14,165942.5
CUST10290,Sachin Chakraborty,Male,55+,9202061939,sachin.chakraborty91@rediffmail.com,Dwarka,Delhi,110075,Premium,Instagram Ads,2023-04-27,Yes,No,14,187372.85
CUST10291,Rashi Agarwal,Female,35-44,9354409467,rashi.agarwal84@gmail.com,Nagpur,Maharashtra,440001,Premium,Google Ads,2022-10-16,Yes,Yes,4,46193.3
CUST10292,Abhishek Shinde,Male,35-44,9472327833,abhishek.shinde78@rediffmail.com,Nagpur,Maharashtra,440001,Regular,Organic Search,2022-05-12,No,Yes,6,44750.7
CUST10293,Jyoti Kulkarni,Female,18-24,9339784548,jyoti.kulkarni1@yahoo.com,Sonipat,Haryana,131001,New,YouTube Ads,2022-08-03,Yes,Yes,1,8397.6
CUST10294,Pranav Mehta,Male,35-44,9635034829,pranav.mehta54@gmail.com,Jabalpur,Madhya Pradesh,482001,Regular,Influencer Marketing,2022-02-04,Yes,Yes,7,154939.2
CUST10295,Aishwarya Shukla,Female,18-24,9837585826,aishwarya.shukla95@yahoo.com,Madurai,Tamil Nadu,625001,New,Organic Search,2023-01-20,Yes,Yes,3,7504.85
CUST10296,Dinesh Pillai,Male,25-34,9189600007,dinesh.pillai15@rediffmail.com,Agra,Uttar Pradesh,282001,Premium,Facebook Ads,2023-12-31,Yes,Yes,19,286237.25
CUST10297,Madhuri Verma,Female,35-44,9741567212,madhuri.verma43@rediffmail.com,Kozhikode,Kerala,673001,Regular,YouTube Ads,2022-01-16,No,Yes,4,13622.3
CUST10298,Hemant Murthy,Male,55+,9560512027,hemant.murthy91@yahoo.com,Gurgaon,Delhi,122001,Regular,Organic Search,2023-07-14,Yes,Yes,9,72623.8
CUST10299,Swati Murthy,Female,25-34,9978874221,swati.murthy17@hotmail.com,Greater Noida,Delhi,201310,Premium,Instagram Ads,2023-12-31,Yes,Yes,8,65340.2
CUST10300,Varun Ahuja,Male,18-24,9101166328,varun.ahuja24@hotmail.com,Agra,Uttar Pradesh,282001,Regular,Google Ads,2023-09-21,Yes,Yes,6,83389.25
CUST10301,Sanjay Desai,Male,35-44,9936993764,sanjay.desai29@yahoo.com,Rohini,Delhi,110085,Regular,Facebook Ads,2022-02-25,Yes,Yes,8,90123.2
CUST10302,Nidhi Sen,Female,35-44,9618003773,nidhi.sen85@gmail.com,Nashik,Maharashtra,422001,VIP,Referral,2022-03-19,Yes,No,8,36040.55
CUST10303,Gaurav Khanna,Male,35-44,9326254206,gaurav.khanna89@hotmail.com,Salem,Tamil Nadu,636001,New,Organic Search,2022-04-04,Yes,No,5,144890.3
CUST10304,Sunita Tiwari,Female,25-34,9312232059,sunita.tiwari92@gmail.com,Mangaluru,Karnataka,575001,Regular,Organic Search,2022-10-06,No,Yes,2,13381.35
CUST10305,Amisha Pillai,Female,25-34,9993025725,amisha.pillai3@hotmail.com,Kanpur,Uttar Pradesh,208001,Premium,Facebook Ads,2023-12-31,Yes,Yes,7,289676
CUST10306,Neha Ghosh,Female,18-24,9177908579,neha.ghosh71@gmail.com,Bengaluru,Karnataka,560001,Regular,Instagram Ads,2022-08-29,Yes,Yes,8,30379.25
CUST10307,Deepika Chakraborty,Female,55+,9184128315,deepika.chakraborty64@outlook.com,Hisar,Haryana,125001,Premium,Organic Search,2022-01-29,No,No,9,171376.75
CUST10308,Akash Das,Male,25-34,9488351316,akash.das86@yahoo.com,Aurangabad,Maharashtra,431001,Regular,Facebook Ads,2023-10-01,Yes,Yes,7,35382.35
CUST10309,Suresh Murthy,Male,45-54,9743417493,suresh.murthy72@hotmail.com,Agra,Uttar Pradesh,282001,New,Facebook Ads,2022-10-02,Yes,No,1,509.15
CUST10310,Lalit Krishnan,Male,35-44,9223044385,lalit.krishnan8@gmail.com,Greater Noida,Delhi,201310,New,Facebook Ads,2022-01-30,Yes,No,7,67469.7
CUST10311,Sneha Iyer,Female,45-54,9228693622,sneha.iyer31@gmail.com,Nashik,Maharashtra,422001,VIP,Facebook Ads,2023-01-19,Yes,Yes,15,221324.2
CUST10312,Vivek Chatterjee,Male,25-34,9549563621,vivek.chatterjee71@rediffmail.com,Hyderabad,Telangana,500034,Regular,Email Campaign,2022-12-04,No,No,9,121332
CUST10313,Shruti Murthy,Female,18-24,9393671232,shruti.murthy68@hotmail.com,Amritsar,Punjab,143001,Regular,Organic Search,2022-09-13,Yes,Yes,8,166085.9
CUST10314,Riya Iyer,Female,35-44,9972827709,riya.iyer17@rediffmail.com,Warangal,Telangana,506001,Premium,Facebook Ads,2022-06-19,No,Yes,5,16534.95
CUST10315,Manoj Jadhav,Male,35-44,9530210110,manoj.jadhav33@gmail.com,Coimbatore,Tamil Nadu,641001,Regular,App Store,2022-05-21,Yes,Yes,8,99303.65
CUST10316,Nidhi Dubey,Female,45-54,9701635733,nidhi.dubey45@rediffmail.com,Pune,Maharashtra,411057,New,Google Ads,2022-04-08,Yes,Yes,0,0
CUST10317,Simran Pillai,Female,18-24,9728442954,simran.pillai31@yahoo.com,Rohini,Delhi,110085,Premium,Google Ads,2022-10-08,Yes,Yes,14,47577.45
CUST10318,Kapil Chopra,Male,25-34,9752705910,kapil.chopra54@outlook.com,New Delhi,Delhi,110001,Premium,App Store,2023-12-08,Yes,Yes,12,231286.95
CUST10319,Megha Sharma,Female,25-34,9230433113,megha.sharma43@outlook.com,Rohini,Delhi,110085,Regular,Instagram Ads,2022-02-11,Yes,Yes,6,159393.1
CUST10320,Mohit Khanna,Male,55+,9178020261,mohit.khanna41@gmail.com,Warangal,Telangana,506001,New,Google Ads,2023-10-27,Yes,No,7,96338.85
CUST10321,Riya Pawar,Female,18-24,9756138122,riya.pawar25@hotmail.com,Kota,Rajasthan,324001,Premium,Instagram Ads,2022-02-12,Yes,Yes,5,71181.7
CUST10322,Usha Jadhav,Female,25-34,9240776203,usha.jadhav43@rediffmail.com,Thrissur,Kerala,680001,Premium,Instagram Ads,2022-09-07,No,Yes,9,420662.3
CUST10323,Arjun Sethi,Male,25-34,9218769736,arjun.sethi88@gmail.com,Secunderabad,Telangana,500003,New,App Store,2022-02-09,Yes,Yes,4,250070.1
CUST10324,Rashi Tiwari,Female,25-34,9687046910,rashi.tiwari55@gmail.com,Noida,Delhi,201301,New,Instagram Ads,2023-12-31,Yes,Yes,5,56435.05
CUST10325,Aarav Batra,Male,18-24,9270371864,aarav.batra93@gmail.com,New Delhi,Delhi,110001,Regular,Organic Search,2023-11-02,No,No,13,129343.95
CUST10326,Alka Bhatia,Female,45-54,9743357430,alka.bhatia65@hotmail.com,Madurai,Tamil Nadu,625001,Premium,Google Ads,2023-12-31,Yes,No,11,91386.2
CUST10327,Arjun Kumar,Male,35-44,9453036166,arjun.kumar92@gmail.com,Vadodara,Gujarat,390001,New,Instagram Ads,2022-04-11,No,Yes,6,79493.7
CUST10328,Ankit Krishnan,Male,25-34,9358068878,ankit.krishnan80@gmail.com,Kozhikode,Kerala,673001,Regular,Facebook Ads,2022-01-06,Yes,Yes,5,102903.35
CUST10329,Shweta Krishnan,Female,25-34,9179271283,shweta.krishnan15@gmail.com,Rohini,Delhi,110085,New,Instagram Ads,2022-06-29,No,No,3,14472.5
CUST10330,Madhuri Datta,Female,18-24,9896067133,madhuri.datta99@yahoo.com,Howrah,West Bengal,711101,Regular,Organic Search,2023-08-13,Yes,Yes,10,141281.5
CUST10331,Ankit Pillai,Male,35-44,9199156725,ankit.pillai99@gmail.com,Bengaluru,Karnataka,560100,New,Referral,2023-12-31,Yes,No,2,8197.8
CUST10332,Ishita Kadam,Female,25-34,9965671673,ishita.kadam85@outlook.com,Hubli,Karnataka,580020,New,Google Ads,2022-04-17,No,No,3,2590.9
CUST10333,Jyoti Bansal,Female,25-34,9805359484,jyoti.bansal67@outlook.com,Nagpur,Maharashtra,440001,Premium,App Store,2023-04-25,Yes,No,15,288119.25
CUST10334,Archana Pillai,Female,35-44,9983700444,archana.pillai5@yahoo.com,Nashik,Maharashtra,422001,Premium,Referral,2022-01-27,Yes,Yes,10,37211.25
CUST10335,Sanjay Reddy,Male,25-34,9859475407,sanjay.reddy44@yahoo.com,Bhopal,Madhya Pradesh,462001,New,Influencer Marketing,2022-02-27,Yes,Yes,4,41474.45
CUST10336,Sunita Roy,Female,25-34,9777465664,sunita.roy44@yahoo.com,Mumbai,Maharashtra,400051,VIP,Email Campaign,2022-03-19,Yes,No,12,120476.05
CUST10337,Hemant Bose,Male,18-24,9636044225,hemant.bose39@rediffmail.com,Secunderabad,Telangana,500003,Regular,Referral,2022-08-16,Yes,No,8,137730.7
CUST10338,Dinesh Iyer,Male,35-44,9880839388,dinesh.iyer35@yahoo.com,Hyderabad,Telangana,500081,New,Google Ads,2022-03-20,Yes,Yes,9,95000.3
CUST10339,Babita Arora,Female,18-24,9328316319,babita.arora3@hotmail.com,Ludhiana,Punjab,141001,Regular,Google Ads,2022-09-20,Yes,No,4,49467.65
CUST10340,Ritika Patel,Female,25-34,9943622717,ritika.patel54@hotmail.com,Chennai,Tamil Nadu,600001,Premium,Facebook Ads,2023-01-11,Yes,Yes,7,58370.9
CUST10341,Ajay Mukherjee,Male,18-24,9985447750,ajay.mukherjee70@gmail.com,Udaipur,Rajasthan,313001,New,Email Campaign,2023-12-31,No,Yes,3,6330.65
CUST10342,Rohan Kadam,Male,35-44,9565779118,rohan.kadam69@rediffmail.com,Indore,Madhya Pradesh,452001,Regular,Facebook Ads,2022-01-01,Yes,No,4,109344.6
CUST10343,Amit Chakraborty,Male,25-34,9447089042,amit.chakraborty36@outlook.com,Chennai,Tamil Nadu,600001,VIP,Instagram Ads,2023-02-11,Yes,No,15,136718.3
CUST10344,Kavita Datta,Female,18-24,9267749178,kavita.datta10@outlook.com,Chennai,Tamil Nadu,600041,New,Facebook Ads,2022-01-23,Yes,No,6,170068.6
CUST10345,Nikhil Yadav,Male,45-54,9774060183,nikhil.yadav83@yahoo.com,Coimbatore,Tamil Nadu,641001,New,Organic Search,2022-02-15,Yes,Yes,7,187929.8
CUST10346,Priya Patil,Female,18-24,9319496690,priya.patil46@hotmail.com,New Delhi,Delhi,110001,Regular,Instagram Ads,2022-10-25,Yes,Yes,5,54079.85
CUST10347,Kiran Bose,Female,25-34,9465508021,kiran.bose27@rediffmail.com,Mysuru,Karnataka,570001,Premium,Organic Search,2022-04-02,Yes,Yes,11,150557.85
CUST10348,Sakshi Wadhwa,Female,45-54,9506142246,sakshi.wadhwa15@hotmail.com,Bengaluru,Karnataka,560100,New,Organic Search,2022-04-29,Yes,Yes,2,175044.45
CUST10349,Vivek Dubey,Male,18-24,9280896256,vivek.dubey99@rediffmail.com,Ahmedabad,Gujarat,380001,Regular,Google Ads,2022-04-10,Yes,Yes,5,174544.55
CUST10350,Neeraj Khanna,Male,35-44,9644015572,neeraj.khanna7@yahoo.com,Mysuru,Karnataka,570001,New,Organic Search,2022-09-25,Yes,Yes,5,13620.75
CUST10351,Hemant Sen,Male,25-34,9932618697,hemant.sen99@yahoo.com,Mangaluru,Karnataka,575001,New,Instagram Ads,2022-03-01,No,Yes,5,10308.75
CUST10352,Mona More,Female,18-24,9784514595,mona.more48@gmail.com,Mangaluru,Karnataka,575001,New,SMS Campaign,2023-09-19,No,No,7,754295.75
CUST10353,Simran Pawar,Female,35-44,9303269611,simran.pawar79@hotmail.com,Lucknow,Uttar Pradesh,226001,Regular,Referral,2022-01-23,Yes,No,9,282542.2
CUST10354,Mona Mukherjee,Female,45-54,9613999925,mona.mukherjee75@gmail.com,Kota,Rajasthan,324001,Premium,YouTube Ads,2023-05-24,Yes,Yes,8,67159.2
CUST10355,Saurabh Mehta,Male,35-44,9534085831,saurabh.mehta63@outlook.com,Rohini,Delhi,110085,VIP,Organic Search,2022-03-22,Yes,Yes,11,186481.4
CUST10356,Sanjay Singh,Male,25-34,9727394782,sanjay.singh18@gmail.com,Noida,Delhi,201301,Regular,Google Ads,2022-10-11,No,Yes,6,226662.95
CUST10357,Mona Chatterjee,Female,35-44,9329673881,mona.chatterjee52@gmail.com,Mangaluru,Karnataka,575001,Regular,SMS Campaign,2023-01-27,Yes,Yes,8,97426
CUST10358,Akash Mukherjee,Male,25-34,9404552727,akash.mukherjee41@yahoo.com,Salem,Tamil Nadu,636001,Regular,Facebook Ads,2023-12-31,Yes,No,10,55572.55
CUST10359,Sumit Rastogi,Male,18-24,9133831408,sumit.rastogi99@outlook.com,Noida,Delhi,201301,Regular,Organic Search,2022-05-24,Yes,Yes,3,87196.4
CUST10360,Hemant Jadhav,Male,45-54,9240824812,hemant.jadhav56@gmail.com,Warangal,Telangana,506001,Regular,Organic Search,2022-04-29,No,No,10,78519.55
CUST10361,Anjali Desai,Female,35-44,9559593008,anjali.desai19@rediffmail.com,Warangal,Telangana,506001,Premium,Google Ads,2023-02-04,Yes,Yes,9,167460.6
CUST10362,Pallavi Naidu,Female,18-24,9581658080,pallavi.naidu38@yahoo.com,Surat,Gujarat,395001,VIP,Instagram Ads,2023-12-31,Yes,No,17,136731.4
CUST10363,Sandeep Chatterjee,Male,35-44,9321650158,sandeep.chatterjee26@rediffmail.com,Ujjain,Madhya Pradesh,456001,New,Instagram Ads,2023-12-31,No,Yes,4,156144.65
CUST10364,Vivek Kulkarni,Male,18-24,9897888316,vivek.kulkarni88@hotmail.com,Warangal,Telangana,506001,New,Referral,2022-01-30,No,No,3,15395.2
CUST10365,Sumit Patil,Male,18-24,9377032186,sumit.patil57@yahoo.com,Vadodara,Gujarat,390001,Premium,App Store,2022-09-23,Yes,No,12,239959.95
CUST10366,Kunal Kulkarni,Male,45-54,9568803953,kunal.kulkarni1@gmail.com,Thrissur,Kerala,680001,New,Facebook Ads,2022-07-10,Yes,No,5,80314.9
CUST10367,Tanvi Gupta,Female,35-44,9528053427,tanvi.gupta56@hotmail.com,Mysuru,Karnataka,570001,Regular,Email Campaign,2023-12-31,No,Yes,4,27883.65
CUST10368,Vaishnavi Roy,Female,35-44,9555473842,vaishnavi.roy15@yahoo.com,Bengaluru,Karnataka,560076,Premium,Instagram Ads,2022-04-14,Yes,No,13,113028.9
CUST10369,Sarika Rastogi,Female,25-34,9424997250,sarika.rastogi34@outlook.com,Rohini,Delhi,110085,Premium,Instagram Ads,2023-12-31,Yes,Yes,11,307011.65
CUST10370,Vikram Desai,Male,25-34,9434822961,vikram.desai69@yahoo.com,Thane,Maharashtra,400601,New,Google Ads,2022-07-06,Yes,Yes,7,197365.6
CUST10371,Naveen Jadhav,Male,35-44,9421300373,naveen.jadhav77@gmail.com,Pune,Maharashtra,411001,VIP,Google Ads,2022-10-03,Yes,No,20,285570.05
CUST10372,Arjun Shah,Male,25-34,9658325457,arjun.shah82@yahoo.com,Amritsar,Punjab,143001,New,Email Campaign,2022-10-03,No,Yes,6,118029.35
CUST10373,Varun Mukherjee,Male,25-34,9408646313,varun.mukherjee19@gmail.com,Kolkata,West Bengal,700019,Regular,App Store,2022-01-04,Yes,Yes,8,94299.9
CUST10374,Swati Rao,Female,25-34,9709758141,swati.rao25@yahoo.com,Udaipur,Rajasthan,313001,Regular,Organic Search,2022-07-08,Yes,Yes,5,26954.35
CUST10375,Swati Kumar,Female,25-34,9200612984,swati.kumar77@hotmail.com,Kota,Rajasthan,324001,Regular,Organic Search,2023-06-05,No,Yes,4,94844.8
CUST10376,Deepak Reddy,Male,25-34,9162426297,deepak.reddy46@yahoo.com,Gurgaon,Delhi,122001,New,Referral,2023-06-26,Yes,No,11,121612.65
CUST10377,Rashi Iyer,Female,25-34,9251271724,rashi.iyer8@rediffmail.com,Madurai,Tamil Nadu,625001,New,Google Ads,2022-04-13,Yes,Yes,5,88094.3
CUST10378,Kapil Sen,Male,25-34,9498597708,kapil.sen28@rediffmail.com,Indore,Madhya Pradesh,452001,New,Organic Search,2022-10-26,No,Yes,3,14242.55
CUST10379,Kapil Singh,Male,25-34,9228997572,kapil.singh48@gmail.com,Thiruvananthapuram,Kerala,695001,Premium,Instagram Ads,2023-05-13,Yes,Yes,11,222471.3
CUST10380,Karan Sen,Male,35-44,9578715676,karan.sen91@outlook.com,Kolkata,West Bengal,700019,New,Email Campaign,2022-09-18,Yes,Yes,4,5264.05
CUST10381,Karan Patel,Male,25-34,9964935455,karan.patel19@gmail.com,Hubli,Karnataka,580020,Regular,Influencer Marketing,2022-01-27,No,Yes,6,148954
CUST10382,Rashi Banerjee,Female,45-54,9225998105,rashi.banerjee39@rediffmail.com,Hubli,Karnataka,580020,Regular,SMS Campaign,2023-04-27,No,Yes,5,191872.4
CUST10383,Prateek Pillai,Male,18-24,9526700469,prateek.pillai17@outlook.com,Kochi,Kerala,682001,New,Referral,2022-05-13,No,Yes,5,68131.85
CUST10384,Shweta Pillai,Female,35-44,9672310803,shweta.pillai30@outlook.com,New Delhi,Delhi,110001,VIP,Organic Search,2022-08-07,Yes,Yes,20,246340.6
CUST10385,Kiran Verma,Female,35-44,9823840788,kiran.verma26@rediffmail.com,Gurgaon,Delhi,122001,New,Instagram Ads,2023-01-15,No,No,3,8667.3
CUST10386,Nikhil Sen,Male,45-54,9647545053,nikhil.sen12@yahoo.com,Hyderabad,Telangana,500001,VIP,Referral,2022-10-13,Yes,Yes,11,129522.55
CUST10387,Sumit Chopra,Male,35-44,9686889142,sumit.chopra99@yahoo.com,Kanpur,Uttar Pradesh,208001,New,Influencer Marketing,2023-04-02,Yes,Yes,5,130580.15
CUST10388,Lata Sharma,Female,18-24,9800394640,lata.sharma75@gmail.com,Bengaluru,Karnataka,560100,New,Email Campaign,2023-12-31,No,Yes,7,92079.15
CUST10389,Seema Rao,Female,55+,9706016341,seema.rao9@gmail.com,Jabalpur,Madhya Pradesh,482001,Regular,Facebook Ads,2022-06-03,Yes,No,8,45790.15
CUST10390,Sanjay Kapoor,Male,55+,9956000646,sanjay.kapoor34@gmail.com,Thiruvananthapuram,Kerala,695001,Regular,Google Ads,2022-02-18,No,No,6,62752.05
CUST10391,Geeta Chatterjee,Female,25-34,9237412241,geeta.chatterjee28@rediffmail.com,Secunderabad,Telangana,500003,Regular,Referral,2022-04-29,No,Yes,2,29516.6
CUST10392,Harsh Rastogi,Male,18-24,9766927880,harsh.rastogi58@outlook.com,Siliguri,West Bengal,734001,VIP,Organic Search,2022-12-23,Yes,Yes,19,226247.2
CUST10393,Sanjay Kapoor,Male,25-34,9414990099,sanjay.kapoor24@yahoo.com,Nashik,Maharashtra,422001,Premium,Instagram Ads,2022-10-08,Yes,No,7,91168.95
CUST10394,Hemant Ahuja,Male,35-44,9397037643,hemant.ahuja42@hotmail.com,Bengaluru,Karnataka,560076,Regular,App Store,2023-12-31,Yes,Yes,8,110296.1
CUST10395,Kavita Kulkarni,Female,25-34,9140041441,kavita.kulkarni63@outlook.com,Patiala,Punjab,147001,Regular,App Store,2022-10-13,Yes,Yes,6,90919.75
CUST10396,Ashish Jain,Male,25-34,9170536861,ashish.jain45@outlook.com,Jaipur,Rajasthan,302019,VIP,Instagram Ads,2022-03-16,No,Yes,19,642510.4
CUST10397,Amisha Kadam,Female,45-54,9271451985,amisha.kadam72@hotmail.com,New Delhi,Delhi,110001,New,Google Ads,2022-05-06,No,No,6,25489.6
CUST10398,Dinesh Sethi,Male,55+,9388981498,dinesh.sethi66@outlook.com,Nashik,Maharashtra,422001,New,Referral,2023-12-31,Yes,No,2,71797.4
CUST10399,Manoj Banerjee,Male,18-24,9590843518,manoj.banerjee80@hotmail.com,Mumbai,Maharashtra,400051,New,Organic Search,2022-08-22,Yes,Yes,3,4186.65
CUST10400,Babita Banerjee,Female,18-24,9851179840,babita.banerjee70@rediffmail.com,Thane,Maharashtra,400601,New,Organic Search,2023-05-01,No,Yes,8,159225.6
CUST10401,Usha More,Female,25-34,9680619549,usha.more35@hotmail.com,Kolkata,West Bengal,700064,Regular,Organic Search,2023-01-12,Yes,No,3,56296.55
CUST10402,Vinita Ghosh,Female,25-34,9290098699,vinita.ghosh43@rediffmail.com,Kolkata,West Bengal,700001,New,Organic Search,2022-05-12,Yes,Yes,4,26172.35
CUST10403,Pranav Chopra,Male,55+,9464807789,pranav.chopra56@gmail.com,Aurangabad,Maharashtra,431001,Regular,Instagram Ads,2023-05-31,No,Yes,7,85455.1
CUST10404,Anjali Khanna,Female,35-44,9140565820,anjali.khanna78@outlook.com,Warangal,Telangana,506001,Premium,Instagram Ads,2022-05-23,No,Yes,8,323288.1
CUST10405,Rahul Bhatia,Male,35-44,9432041254,rahul.bhatia62@outlook.com,Coimbatore,Tamil Nadu,641001,New,Instagram Ads,2023-10-30,No,Yes,2,59096.25
CUST10406,Sarika Mishra,Female,25-34,9546712135,sarika.mishra48@yahoo.com,Lucknow,Uttar Pradesh,226001,New,Email Campaign,2022-08-07,Yes,No,6,76666.6
CUST10407,Neha Pillai,Female,35-44,9908698163,neha.pillai3@gmail.com,Jabalpur,Madhya Pradesh,482001,Regular,Organic Search,2022-02-02,Yes,Yes,5,205482.55
CUST10408,Ishita Dubey,Female,25-34,9142776185,ishita.dubey87@hotmail.com,Howrah,West Bengal,711101,VIP,Referral,2022-08-01,Yes,Yes,12,195001.85
CUST10409,Ishita Kapoor,Female,18-24,9815978850,ishita.kapoor62@yahoo.com,Pune,Maharashtra,411057,Premium,Instagram Ads,2022-03-23,Yes,Yes,12,106667.6
CUST10410,Rashi Pandey,Female,45-54,9556457705,rashi.pandey92@hotmail.com,Ludhiana,Punjab,141001,New,Referral,2023-12-31,No,Yes,4,11196.5
CUST10411,Saurabh Chatterjee,Male,45-54,9142721875,saurabh.chatterjee41@yahoo.com,Madurai,Tamil Nadu,625001,New,Instagram Ads,2022-09-02,No,Yes,3,16896.9
CUST10412,Gaurav Srivastava,Male,35-44,9719485449,gaurav.srivastava68@rediffmail.com,Durgapur,West Bengal,713201,New,Google Ads,2022-03-06,No,Yes,4,60911.1
CUST10413,Mansi Mukherjee,Female,35-44,9573579202,mansi.mukherjee22@yahoo.com,Hyderabad,Telangana,500034,Regular,SMS Campaign,2022-06-28,Yes,Yes,7,96563
CUST10414,Aarav Ghosh,Male,25-34,9505697586,aarav.ghosh16@yahoo.com,Agra,Uttar Pradesh,282001,Regular,Google Ads,2022-07-19,No,Yes,7,222210.6
CUST10415,Prateek Tiwari,Male,25-34,9339057656,prateek.tiwari86@yahoo.com,Hubli,Karnataka,580020,Regular,Organic Search,2023-02-10,Yes,Yes,5,182782
CUST10416,Kunal Roy,Male,25-34,9286636767,kunal.roy29@rediffmail.com,Mysuru,Karnataka,570001,New,Google Ads,2023-12-31,Yes,Yes,5,252787.95
CUST10417,Naina Agarwal,Female,35-44,9345917526,naina.agarwal70@gmail.com,Gurgaon,Delhi,122001,Regular,Google Ads,2022-07-12,Yes,Yes,7,95511.5
CUST10418,Riya Roy,Female,45-54,9531611798,riya.roy74@rediffmail.com,Hubli,Karnataka,580020,Regular,YouTube Ads,2023-03-18,Yes,No,10,80167.4
CUST10419,Kavita Nair,Female,25-34,9895217696,kavita.nair52@rediffmail.com,Ujjain,Madhya Pradesh,456001,New,Instagram Ads,2023-12-02,Yes,Yes,8,233399.2
CUST10420,Sakshi Joshi,Female,25-34,9416037885,sakshi.joshi9@yahoo.com,Chennai,Tamil Nadu,600001,Regular,Instagram Ads,2023-12-31,No,No,2,140795.8
CUST10421,Saurabh Rao,Male,25-34,9738002995,saurabh.rao10@rediffmail.com,Rourkela,Odisha,769001,New,Referral,2022-02-17,No,Yes,6,37710
CUST10422,Madhuri Shinde,Female,25-34,9409689591,madhuri.shinde26@gmail.com,Surat,Gujarat,395001,Regular,Facebook Ads,2022-10-03,No,Yes,5,59664.3
CUST10423,Ishita Naidu,Female,18-24,9845638991,ishita.naidu70@hotmail.com,Tiruchirappalli,Tamil Nadu,620001,Premium,Instagram Ads,2022-03-21,No,Yes,13,237246.15
CUST10424,Seema Jadhav,Female,35-44,9359007797,seema.jadhav19@gmail.com,Allahabad,Uttar Pradesh,211001,VIP,YouTube Ads,2022-01-27,Yes,No,20,308054.65
CUST10425,Gaurav Patil,Male,45-54,9776770441,gaurav.patil28@yahoo.com,Nashik,Maharashtra,422001,Premium,Instagram Ads,2023-06-27,No,Yes,7,114110.8
CUST10426,Pooja Menon,Female,35-44,9113297641,pooja.menon34@rediffmail.com,Kota,Rajasthan,324001,Regular,Google Ads,2023-07-29,Yes,Yes,8,126272.45
CUST10427,Kunal More,Male,25-34,9996129368,kunal.more66@outlook.com,Kota,Rajasthan,324001,Regular,Google Ads,2023-04-07,Yes,Yes,8,51651.15
CUST10428,Aarav Jain,Male,25-34,9468166270,aarav.jain46@yahoo.com,Hyderabad,Telangana,500001,VIP,Instagram Ads,2022-10-30,No,Yes,11,116524.6
CUST10429,Swati Shinde,Female,18-24,9967918032,swati.shinde55@outlook.com,Varanasi,Uttar Pradesh,221001,Regular,Facebook Ads,2023-12-31,Yes,Yes,9,95483
CUST10430,Madhuri Desai,Female,55+,9995433699,madhuri.desai77@yahoo.com,Madurai,Tamil Nadu,625001,New,Organic Search,2022-05-30,Yes,Yes,2,8037.45
CUST10431,Suresh Das,Male,18-24,9401981364,suresh.das98@hotmail.com,Bengaluru,Karnataka,560100,Regular,Influencer Marketing,2022-07-23,Yes,Yes,8,188606.5
CUST10432,Sneha Sen,Female,35-44,9664596544,sneha.sen90@hotmail.com,Kozhikode,Kerala,673001,VIP,Instagram Ads,2023-08-16,No,No,14,167531.1
CUST10433,Vinita Agarwal,Female,45-54,9439784493,vinita.agarwal86@rediffmail.com,Aurangabad,Maharashtra,431001,Regular,App Store,2022-05-23,Yes,No,9,372903.55
CUST10434,Akash Sharma,Male,35-44,9175951282,akash.sharma43@outlook.com,Hisar,Haryana,125001,New,Organic Search,2023-12-31,No,No,3,12170.3
CUST10435,Rahul Naidu,Male,25-34,9665164070,rahul.naidu80@yahoo.com,Pune,Maharashtra,411057,Premium,YouTube Ads,2022-02-23,Yes,Yes,12,55824.2
CUST10436,Madhuri Bansal,Female,35-44,9621181248,madhuri.bansal31@gmail.com,Vadodara,Gujarat,390001,Premium,Influencer Marketing,2022-10-27,Yes,No,11,186250.55
CUST10437,Babita Roy,Female,35-44,9542262021,babita.roy80@rediffmail.com,Secunderabad,Telangana,500003,Regular,YouTube Ads,2023-07-03,Yes,Yes,6,13177.7
CUST10438,Komal Murthy,Female,35-44,9139388618,komal.murthy61@outlook.com,Dwarka,Delhi,110075,Premium,Instagram Ads,2022-09-30,Yes,Yes,12,116243.05
CUST10439,Vandana Mukherjee,Female,35-44,9854000806,vandana.mukherjee10@outlook.com,Jodhpur,Rajasthan,342001,VIP,Google Ads,2022-05-21,No,Yes,18,419858.85
CUST10440,Rohit Shukla,Male,45-54,9829792574,rohit.shukla29@outlook.com,Coimbatore,Tamil Nadu,641001,New,Instagram Ads,2022-07-29,Yes,Yes,1,8997
CUST10441,Vinita Arora,Female,25-34,9670846530,vinita.arora11@rediffmail.com,Lucknow,Uttar Pradesh,226001,Regular,Google Ads,2022-07-28,Yes,No,7,103025.4
CUST10442,Rashi Datta,Female,25-34,9174366389,rashi.datta96@hotmail.com,Pune,Maharashtra,411057,Regular,Facebook Ads,2022-01-13,Yes,No,8,18906.55
CUST10443,Shweta Malhotra,Female,18-24,9674077456,shweta.malhotra2@gmail.com,Kolkata,West Bengal,700001,Regular,Organic Search,2022-01-25,Yes,Yes,8,203033.8
CUST10444,Mohit Shukla,Male,25-34,9872825065,mohit.shukla72@rediffmail.com,Ujjain,Madhya Pradesh,456001,Premium,Facebook Ads,2022-11-27,Yes,Yes,9,97721.35
CUST10445,Devendra Jadhav,Male,55+,9908889848,devendra.jadhav36@outlook.com,Hyderabad,Telangana,500081,Premium,Instagram Ads,2023-05-09,Yes,Yes,7,100985.9
CUST10446,Devendra Tiwari,Male,45-54,9972799210,devendra.tiwari94@outlook.com,Thane,Maharashtra,400601,Regular,Instagram Ads,2022-08-19,Yes,Yes,8,48541.4
CUST10447,Sonal Pillai,Female,45-54,9370034189,sonal.pillai66@yahoo.com,Hyderabad,Telangana,500081,Regular,Email Campaign,2022-10-22,Yes,Yes,6,119562.75
CUST10448,Aarav Khanna,Male,25-34,9682022479,aarav.khanna11@outlook.com,Allahabad,Uttar Pradesh,211001,Regular,App Store,2023-12-31,Yes,Yes,13,508598.95
CUST10449,Geeta Kumar,Female,35-44,9374514235,geeta.kumar14@hotmail.com,Agra,Uttar Pradesh,282001,Premium,Facebook Ads,2022-05-23,No,Yes,17,196267.3
CUST10450,Vinita Mehta,Female,25-34,9761926098,vinita.mehta82@hotmail.com,Chandigarh,Punjab,160001,Regular,SMS Campaign,2022-09-02,Yes,Yes,9,68325.3
CUST10451,Rajesh Agarwal,Male,25-34,9669943957,rajesh.agarwal2@outlook.com,Dwarka,Delhi,110075,Regular,Instagram Ads,2022-08-26,Yes,Yes,5,36314.55
CUST10452,Megha Banerjee,Female,25-34,9262316773,megha.banerjee19@gmail.com,Coimbatore,Tamil Nadu,641001,Regular,Instagram Ads,2023-03-06,Yes,No,8,80227.4
CUST10453,Amit Agarwal,Male,18-24,9998319514,amit.agarwal71@yahoo.com,Ajmer,Rajasthan,305001,VIP,YouTube Ads,2023-05-16,No,Yes,11,85017.35
CUST10454,Naveen Bansal,Male,25-34,9575772516,naveen.bansal36@rediffmail.com,Chennai,Tamil Nadu,600001,Premium,Email Campaign,2022-08-23,No,Yes,15,173347.15
CUST10455,Naina Pillai,Female,45-54,9840217025,naina.pillai99@hotmail.com,Meerut,Uttar Pradesh,250001,Regular,Instagram Ads,2023-05-25,Yes,Yes,8,241994.8
CUST10456,Saurabh Kapoor,Male,25-34,9780473800,saurabh.kapoor84@outlook.com,Gurgaon,Delhi,122001,VIP,Google Ads,2023-12-29,Yes,Yes,17,727464.95
CUST10457,Saurabh Kulkarni,Male,55+,9889335336,saurabh.kulkarni57@outlook.com,Chennai,Tamil Nadu,600001,Regular,Referral,2022-11-24,No,Yes,7,342868.55
CUST10458,Divya Khanna,Female,25-34,9229277593,divya.khanna42@hotmail.com,Hyderabad,Telangana,500034,Regular,YouTube Ads,2022-04-20,Yes,Yes,5,140413.45
CUST10459,Preeti Arora,Female,55+,9412084369,preeti.arora43@rediffmail.com,Dibrugarh,Assam,786001,New,Organic Search,2023-02-01,Yes,Yes,4,64564.85
CUST10460,Usha Jain,Female,45-54,9346412806,usha.jain11@yahoo.com,Hyderabad,Telangana,500081,Premium,Instagram Ads,2022-09-02,Yes,No,5,271268.4
CUST10461,Gaurav Tiwari,Male,55+,9942353838,gaurav.tiwari29@gmail.com,Mumbai,Maharashtra,400001,Premium,Organic Search,2023-12-31,Yes,No,9,149748.4
CUST10462,Aishwarya Chopra,Female,25-34,9751766722,aishwarya.chopra41@yahoo.com,Chennai,Tamil Nadu,600001,Regular,Google Ads,2022-11-28,No,Yes,4,6981.3
CUST10463,Vikas Batra,Male,25-34,9445284308,vikas.batra55@gmail.com,Gurgaon,Delhi,122001,Regular,Organic Search,2023-11-04,No,Yes,3,14855.25
CUST10464,Lata Sethi,Female,18-24,9438897758,lata.sethi22@gmail.com,Jaipur,Rajasthan,302019,New,Organic Search,2022-10-15,Yes,No,9,108799.2
CUST10465,Harsh Rao,Male,45-54,9119275045,harsh.rao42@hotmail.com,Jodhpur,Rajasthan,342001,Premium,Instagram Ads,2022-03-20,Yes,Yes,9,23826
CUST10466,Nikhil Singh,Male,35-44,9469575282,nikhil.singh59@outlook.com,Kolkata,West Bengal,700001,Regular,YouTube Ads,2022-11-29,Yes,No,10,477017.4
CUST10467,Aarav Rastogi,Male,25-34,9683329110,aarav.rastogi61@gmail.com,Kozhikode,Kerala,673001,VIP,Influencer Marketing,2022-10-12,Yes,Yes,12,175590
CUST10468,Anjali Rao,Female,25-34,9248280048,anjali.rao70@gmail.com,Durgapur,West Bengal,713201,Premium,Organic Search,2022-06-30,Yes,Yes,15,264499
CUST10469,Harsh Mehta,Male,55+,9201410409,harsh.mehta81@gmail.com,Mysuru,Karnataka,570001,Regular,Google Ads,2022-01-07,Yes,Yes,8,135290.8
CUST10470,Rakesh Dubey,Male,18-24,9566219575,rakesh.dubey65@rediffmail.com,Mysuru,Karnataka,570001,VIP,Referral,2023-06-22,No,No,22,562549.5
CUST10471,Kavita Batra,Female,35-44,9686221135,kavita.batra24@yahoo.com,Nagpur,Maharashtra,440001,New,Email Campaign,2023-12-31,Yes,Yes,8,88798.5
CUST10472,Manish Srivastava,Male,25-34,9796046529,manish.srivastava27@hotmail.com,Thiruvananthapuram,Kerala,695001,Premium,Google Ads,2023-12-31,Yes,Yes,8,321131.8
CUST10473,Anjali Sethi,Female,25-34,9190163255,anjali.sethi59@yahoo.com,Secunderabad,Telangana,500003,Regular,SMS Campaign,2023-02-07,Yes,No,13,112026.65
CUST10474,Rohit Bhosale,Male,55+,9869297009,rohit.bhosale95@hotmail.com,Kolkata,West Bengal,700019,Premium,Instagram Ads,2022-08-23,Yes,Yes,9,175116.8
CUST10475,Divya Iyer,Female,45-54,9749530008,divya.iyer79@hotmail.com,Ahmedabad,Gujarat,380015,Regular,Facebook Ads,2022-11-22,No,Yes,6,17135.05
CUST10476,Piyush Jain,Male,25-34,9246760813,piyush.jain60@hotmail.com,Mysuru,Karnataka,570001,Regular,Instagram Ads,2023-12-31,Yes,Yes,4,70542.55
CUST10477,Sunita Kulkarni,Female,25-34,9249293035,sunita.kulkarni96@hotmail.com,Siliguri,West Bengal,734001,Regular,Google Ads,2022-06-12,Yes,Yes,8,119502.3
CUST10478,Pallavi Nair,Female,25-34,9577295888,pallavi.nair82@yahoo.com,Salem,Tamil Nadu,636001,Regular,App Store,2023-09-04,No,Yes,5,79982.55
CUST10479,Amisha Joshi,Female,35-44,9829991266,amisha.joshi34@gmail.com,Bhopal,Madhya Pradesh,462001,Regular,Organic Search,2022-09-23,No,Yes,4,111625.2
CUST10480,Vandana Sen,Female,25-34,9392545838,vandana.sen29@outlook.com,Meerut,Uttar Pradesh,250001,New,SMS Campaign,2022-08-19,Yes,No,1,1038.4
CUST10481,Pranav Patil,Male,18-24,9556749971,pranav.patil16@outlook.com,Nagpur,Maharashtra,440001,Regular,Facebook Ads,2022-05-25,Yes,Yes,8,22244.1
CUST10482,Aarav Bhatia,Male,35-44,9973772475,aarav.bhatia98@yahoo.com,Dibrugarh,Assam,786001,New,Google Ads,2022-11-02,Yes,Yes,4,24237.3
CUST10483,Piyush Mukherjee,Male,25-34,9905222305,piyush.mukherjee24@yahoo.com,Kozhikode,Kerala,673001,Regular,Organic Search,2023-12-31,Yes,Yes,7,102754.1
CUST10484,Harsh Wadhwa,Male,18-24,9246112366,harsh.wadhwa98@outlook.com,Jodhpur,Rajasthan,342001,Regular,Google Ads,2022-08-13,No,No,5,13871.65
CUST10485,Neeraj Sen,Male,35-44,9339256802,neeraj.sen10@rediffmail.com,Rohini,Delhi,110085,Regular,Organic Search,2022-02-12,Yes,No,6,32849.55
CUST10486,Varun Garg,Male,18-24,9640922403,varun.garg85@rediffmail.com,New Delhi,Delhi,110001,VIP,SMS Campaign,2022-02-17,Yes,Yes,10,94919.9
CUST10487,Pranav Yadav,Male,35-44,9341895498,pranav.yadav4@hotmail.com,Agra,Uttar Pradesh,282001,New,YouTube Ads,2022-11-09,Yes,No,7,67345.35
CUST10488,Deepika Wadhwa,Female,25-34,9444800636,deepika.wadhwa68@yahoo.com,Chennai,Tamil Nadu,600001,Premium,Organic Search,2022-03-10,Yes,No,9,399854.75
CUST10489,Rashi Bose,Female,45-54,9663134580,rashi.bose92@rediffmail.com,Gwalior,Madhya Pradesh,474001,Regular,Organic Search,2022-07-08,Yes,Yes,7,156770.75
CUST10490,Aarav Desai,Male,35-44,9129607528,aarav.desai86@hotmail.com,Surat,Gujarat,395001,Regular,Google Ads,2023-12-31,No,No,5,118254.65
CUST10491,Yash Shinde,Male,25-34,9896286530,yash.shinde19@gmail.com,Gandhinagar,Gujarat,382010,New,Email Campaign,2022-08-27,Yes,No,5,55306.75
CUST10492,Nikhil Agarwal,Male,45-54,9986901026,nikhil.agarwal81@yahoo.com,Ahmedabad,Gujarat,380015,Regular,YouTube Ads,2023-01-18,Yes,No,9,83843.4
CUST10493,Devendra Gupta,Male,25-34,9317632236,devendra.gupta43@yahoo.com,Guwahati,Assam,781001,Premium,Email Campaign,2022-01-03,No,No,8,297203
CUST10494,Rashi Garg,Female,35-44,9193131969,rashi.garg75@rediffmail.com,Agra,Uttar Pradesh,282001,Regular,Instagram Ads,2023-11-15,No,Yes,4,110803.4
CUST10495,Naina Srivastava,Female,45-54,9194947787,naina.srivastava39@gmail.com,Noida,Delhi,201301,Regular,YouTube Ads,2022-05-12,Yes,Yes,6,120011.95
CUST10496,Sonal Sharma,Female,25-34,9748626152,sonal.sharma59@hotmail.com,Hyderabad,Telangana,500001,Premium,Google Ads,2023-12-31,No,No,13,196686.3
CUST10497,Riya Malhotra,Female,35-44,9582634090,riya.malhotra3@hotmail.com,Varanasi,Uttar Pradesh,221001,VIP,Facebook Ads,2022-03-10,Yes,No,10,493076.05
CUST10498,Naveen Desai,Male,25-34,9517376145,naveen.desai20@yahoo.com,Siliguri,West Bengal,734001,Premium,Facebook Ads,2023-11-16,Yes,No,9,190341
CUST10499,Dinesh Chakraborty,Male,35-44,9913233933,dinesh.chakraborty98@yahoo.com,Lucknow,Uttar Pradesh,226001,Premium,Organic Search,2023-06-25,No,No,13,139987.85
CUST10500,Madhuri Srivastava,Female,35-44,9356008770,madhuri.srivastava42@rediffmail.com,Hyderabad,Telangana,500081,VIP,Email Campaign,2023-08-16,Yes,Yes,18,162465.25
CUST10501,Naina Murthy,Female,18-24,9307391717,naina.murthy38@yahoo.com,Mumbai,Maharashtra,400051,Premium,Organic Search,2022-07-06,Yes,No,11,29543.45
CUST10502,Manish Ghosh,Male,45-54,9171923128,manish.ghosh35@rediffmail.com,Meerut,Uttar Pradesh,250001,Premium,Email Campaign,2022-05-17,Yes,Yes,10,132254.25
CUST10503,Neeraj Tiwari,Male,18-24,9231025943,neeraj.tiwari28@rediffmail.com,Bhopal,Madhya Pradesh,462001,Premium,Referral,2022-12-08,Yes,Yes,10,89989.8
CUST10504,Mohit Bhatia,Male,18-24,9843238683,mohit.bhatia76@outlook.com,Cuttack,Odisha,753001,Regular,Organic Search,2022-03-01,Yes,No,6,109303.85
CUST10505,Babita Iyer,Female,25-34,9880656036,babita.iyer65@yahoo.com,Salem,Tamil Nadu,636001,New,Google Ads,2023-12-31,No,Yes,1,44798.4
CUST10506,Shweta Pillai,Female,45-54,9616413497,shweta.pillai50@outlook.com,Allahabad,Uttar Pradesh,211001,Regular,Google Ads,2023-01-12,Yes,Yes,7,62852.7
CUST10507,Tarun Agarwal,Male,35-44,9890645204,tarun.agarwal31@hotmail.com,Rohini,Delhi,110085,Regular,Google Ads,2023-03-25,No,Yes,3,97075.2
CUST10508,Dinesh Pawar,Male,55+,9895957577,dinesh.pawar97@yahoo.com,Durgapur,West Bengal,713201,VIP,Organic Search,2023-10-19,Yes,Yes,14,392531.7
CUST10509,Poonam Patil,Female,45-54,9136834769,poonam.patil52@yahoo.com,Greater Noida,Delhi,201310,Premium,Instagram Ads,2023-12-31,No,Yes,10,198537.45
CUST10510,Tanvi Shinde,Female,25-34,9975219743,tanvi.shinde28@outlook.com,Secunderabad,Telangana,500003,VIP,Google Ads,2023-08-06,Yes,No,24,380831.5
CUST10511,Lata Verma,Female,25-34,9738095491,lata.verma79@gmail.com,Greater Noida,Delhi,201310,New,Google Ads,2022-06-21,Yes,Yes,2,51245.75
CUST10512,Geeta Singh,Female,18-24,9635517042,geeta.singh56@outlook.com,Agra,Uttar Pradesh,282001,New,Google Ads,2023-02-26,No,Yes,4,5973.55
CUST10513,Vinay Ghosh,Male,35-44,9785388582,vinay.ghosh56@hotmail.com,Kochi,Kerala,682001,Regular,Google Ads,2022-04-21,Yes,Yes,9,137545.8
CUST10514,Tanvi Malhotra,Female,45-54,9139841858,tanvi.malhotra68@outlook.com,Salem,Tamil Nadu,636001,Regular,Organic Search,2022-07-22,Yes,Yes,12,449901.9
CUST10515,Nikhil Sen,Male,45-54,9680962884,nikhil.sen31@outlook.com,Thrissur,Kerala,680001,Regular,Google Ads,2022-10-10,No,Yes,5,48361.7
CUST10516,Abhishek Banerjee,Male,25-34,9597497088,abhishek.banerjee53@outlook.com,Chandigarh,Punjab,160001,Premium,Instagram Ads,2022-11-11,Yes,Yes,10,198423.35
CUST10517,Arjun Chatterjee,Male,25-34,9164939164,arjun.chatterjee11@rediffmail.com,Howrah,West Bengal,711101,VIP,Organic Search,2022-05-28,No,No,15,374646.35
CUST10518,Riya Banerjee,Female,35-44,9486036491,riya.banerjee38@yahoo.com,Kolkata,West Bengal,700019,Premium,Organic Search,2022-08-23,Yes,No,11,189910.7
CUST10519,Tushar Kulkarni,Male,25-34,9477276324,tushar.kulkarni2@yahoo.com,Hubli,Karnataka,580020,Premium,Facebook Ads,2022-07-10,Yes,No,13,100094.25
CUST10520,Vivek Krishnan,Male,25-34,9423875862,vivek.krishnan17@rediffmail.com,Hyderabad,Telangana,500034,Regular,Instagram Ads,2022-03-26,Yes,Yes,6,123229.6
CUST10521,Gaurav Malhotra,Male,25-34,9558793124,gaurav.malhotra41@gmail.com,Dwarka,Delhi,110075,Regular,Organic Search,2022-01-18,Yes,No,11,158420.15
CUST10522,Kunal Nair,Male,45-54,9280265916,kunal.nair47@yahoo.com,Bengaluru,Karnataka,560001,New,Organic Search,2022-03-25,No,Yes,5,71254.3
CUST10523,Harsh Jadhav,Male,25-34,9770132667,harsh.jadhav22@hotmail.com,Ajmer,Rajasthan,305001,Regular,Organic Search,2023-01-28,Yes,No,5,20733
CUST10524,Shubham Mishra,Male,25-34,9245713787,shubham.mishra42@gmail.com,Surat,Gujarat,395001,New,Instagram Ads,2023-01-19,No,Yes,2,5896
CUST10525,Arjun Pillai,Male,25-34,9579268866,arjun.pillai89@outlook.com,Ahmedabad,Gujarat,380015,New,Google Ads,2022-09-05,No,Yes,3,49596.7
CUST10526,Rekha Rastogi,Female,18-24,9522204568,rekha.rastogi76@hotmail.com,Varanasi,Uttar Pradesh,221001,Premium,Instagram Ads,2023-12-10,Yes,Yes,13,482697
CUST10527,Usha Iyer,Female,25-34,9163398665,usha.iyer59@gmail.com,Vadodara,Gujarat,390001,New,YouTube Ads,2022-01-22,Yes,Yes,3,140796.3
CUST10528,Poonam Rastogi,Female,18-24,9425802888,poonam.rastogi54@gmail.com,Nashik,Maharashtra,422001,Regular,Email Campaign,2022-03-04,Yes,No,7,102356.05
CUST10529,Jyoti Bhosale,Female,25-34,9270908358,jyoti.bhosale57@yahoo.com,Allahabad,Uttar Pradesh,211001,Regular,Instagram Ads,2022-05-02,No,Yes,5,194681.25
CUST10530,Shubham Mukherjee,Male,45-54,9257233084,shubham.mukherjee57@rediffmail.com,Durgapur,West Bengal,713201,Regular,Influencer Marketing,2023-12-31,No,Yes,5,145093
CUST10531,Rashi Jain,Female,25-34,9612054679,rashi.jain65@gmail.com,Gurugram,Haryana,122001,Regular,Organic Search,2022-02-08,No,No,6,42391.15
CUST10532,Deepika Shukla,Female,18-24,9876484947,deepika.shukla52@gmail.com,Gurgaon,Delhi,122001,New,Google Ads,2023-12-04,Yes,No,6,59056.55
CUST10533,Madhuri Kulkarni,Female,55+,9960709850,madhuri.kulkarni69@outlook.com,Amritsar,Punjab,143001,New,Facebook Ads,2023-12-31,Yes,No,2,65154.3
CUST10534,Sunita Rao,Female,25-34,9460290257,sunita.rao77@rediffmail.com,Hyderabad,Telangana,500034,New,Organic Search,2023-12-31,No,Yes,5,28181.5
CUST10535,Kavita Chatterjee,Female,35-44,9915425719,kavita.chatterjee65@yahoo.com,Noida,Delhi,201301,Premium,Instagram Ads,2023-02-28,No,Yes,12,103146.15
CUST10536,Nitin Bansal,Male,25-34,9771313566,nitin.bansal35@yahoo.com,Secunderabad,Telangana,500003,New,Referral,2022-08-03,Yes,Yes,6,253251.15
CUST10537,Aarav Patil,Male,35-44,9181143845,aarav.patil56@rediffmail.com,Indore,Madhya Pradesh,452001,New,Email Campaign,2023-12-31,Yes,Yes,4,110542.35
CUST10538,Anjali More,Female,35-44,9408757478,anjali.more23@rediffmail.com,Rajkot,Gujarat,360001,Premium,Organic Search,2023-08-03,Yes,Yes,8,187797
CUST10539,Vaishnavi Bansal,Female,55+,9341224317,vaishnavi.bansal16@hotmail.com,Noida,Delhi,201301,New,Influencer Marketing,2022-10-02,Yes,No,9,107142.65
CUST10540,Aditya Shukla,Male,25-34,9630863382,aditya.shukla70@rediffmail.com,Ujjain,Madhya Pradesh,456001,Regular,Google Ads,2023-12-31,Yes,Yes,5,109994.55
CUST10541,Naina Jadhav,Female,45-54,9322804795,naina.jadhav48@yahoo.com,Ahmedabad,Gujarat,380015,Premium,Google Ads,2023-12-31,No,Yes,13,379856
CUST10542,Neha Sethi,Female,25-34,9780112779,neha.sethi36@yahoo.com,Chennai,Tamil Nadu,600041,Regular,SMS Campaign,2022-07-01,Yes,Yes,7,193133.6
CUST10543,Ashish Agarwal,Male,55+,9950287399,ashish.agarwal82@outlook.com,Guwahati,Assam,781001,Premium,Facebook Ads,2022-04-26,No,No,13,143354.75
CUST10544,Deepika Sharma,Female,18-24,9426298599,deepika.sharma8@rediffmail.com,Durgapur,West Bengal,713201,Regular,Google Ads,2022-04-09,Yes,Yes,7,35141.25
CUST10545,Seema Singh,Female,45-54,9878029323,seema.singh54@outlook.com,Bengaluru,Karnataka,560076,Regular,YouTube Ads,2023-07-30,Yes,No,7,402713.55
CUST10546,Suresh Dubey,Male,18-24,9750487045,suresh.dubey47@gmail.com,Indore,Madhya Pradesh,452001,Premium,Facebook Ads,2022-08-15,Yes,Yes,15,299915.8
CUST10547,Suresh Tiwari,Male,45-54,9897010270,suresh.tiwari96@outlook.com,Noida,Delhi,201301,Regular,Google Ads,2023-12-31,Yes,No,4,26355
CUST10548,Sunita Nair,Female,25-34,9594863124,sunita.nair71@hotmail.com,Thrissur,Kerala,680001,Premium,Google Ads,2022-10-24,Yes,Yes,11,262902.6
CUST10549,Vikas Krishnan,Male,18-24,9631822687,vikas.krishnan65@yahoo.com,Surat,Gujarat,395001,Regular,Referral,2022-03-17,Yes,Yes,8,106790.8
CUST10550,Aishwarya Bhatia,Female,45-54,9108083054,aishwarya.bhatia85@yahoo.com,Nashik,Maharashtra,422001,New,Email Campaign,2023-12-31,No,No,1,1596
CUST10551,Amisha Sharma,Female,18-24,9222533280,amisha.sharma3@gmail.com,Surat,Gujarat,395001,VIP,Organic Search,2022-08-12,No,No,17,179475.65
CUST10552,Ajay Naidu,Male,25-34,9265320669,ajay.naidu69@gmail.com,Gandhinagar,Gujarat,382010,New,Instagram Ads,2023-05-24,Yes,No,2,163165.5
CUST10553,Babita Das,Female,35-44,9247835833,babita.das12@hotmail.com,Agra,Uttar Pradesh,282001,Premium,Facebook Ads,2022-05-29,Yes,No,3,134874
CUST10554,Divya Mukherjee,Female,18-24,9125473916,divya.mukherjee18@gmail.com,Ajmer,Rajasthan,305001,New,Facebook Ads,2022-07-18,Yes,Yes,4,105844.2
CUST10555,Vandana Agarwal,Female,25-34,9372992055,vandana.agarwal79@hotmail.com,Silchar,Assam,788001,Premium,Organic Search,2023-01-28,Yes,Yes,6,79321.7
CUST10556,Nikhil Jain,Male,35-44,9182515222,nikhil.jain93@rediffmail.com,Warangal,Telangana,506001,Regular,Google Ads,2022-06-03,Yes,Yes,10,189076.5
CUST10557,Ajay Tiwari,Male,25-34,9947989166,ajay.tiwari77@hotmail.com,Noida,Delhi,201301,Premium,Google Ads,2023-06-17,Yes,No,8,175348.65
CUST10558,Simran Shah,Female,35-44,9904128689,simran.shah6@outlook.com,New Delhi,Delhi,110001,New,App Store,2022-12-05,No,Yes,5,25986.45
CUST10559,Manoj Iyer,Male,25-34,9227270668,manoj.iyer38@gmail.com,Cuttack,Odisha,753001,New,Facebook Ads,2022-05-03,Yes,Yes,4,73131.1
CUST10560,Hemant Chopra,Male,45-54,9488719615,hemant.chopra42@gmail.com,Jaipur,Rajasthan,302001,Regular,Organic Search,2022-07-29,Yes,Yes,6,187303.1
CUST10561,Abhishek Roy,Male,25-34,9411245615,abhishek.roy76@yahoo.com,Hyderabad,Telangana,500034,VIP,Instagram Ads,2023-05-09,Yes,No,12,90196.45
CUST10562,Akash Rao,Male,35-44,9611371599,akash.rao96@gmail.com,Meerut,Uttar Pradesh,250001,New,Organic Search,2022-04-26,No,No,5,208666.05
CUST10563,Pranav Pandey,Male,18-24,9321167618,pranav.pandey68@yahoo.com,Kozhikode,Kerala,673001,Premium,Facebook Ads,2022-04-06,No,Yes,10,233088.2
CUST10564,Akash Patil,Male,45-54,9914259884,akash.patil39@outlook.com,Madurai,Tamil Nadu,625001,Regular,Instagram Ads,2022-04-26,Yes,Yes,8,218450
CUST10565,Harsh Srivastava,Male,25-34,9930478755,harsh.srivastava39@yahoo.com,Kozhikode,Kerala,673001,VIP,YouTube Ads,2022-02-01,Yes,Yes,15,184216.45
CUST10566,Sarika Kadam,Female,18-24,9824219093,sarika.kadam22@hotmail.com,Kolkata,West Bengal,700001,VIP,App Store,2023-12-31,Yes,Yes,19,130544.55
CUST10567,Kiran Khanna,Female,25-34,9509249803,kiran.khanna69@hotmail.com,Dwarka,Delhi,110075,New,Google Ads,2023-01-13,Yes,Yes,2,82463.15
CUST10568,Aarav Shukla,Male,45-54,9403997228,aarav.shukla34@gmail.com,Ajmer,Rajasthan,305001,Regular,Organic Search,2022-03-10,Yes,No,7,95810.25
CUST10569,Tarun Mukherjee,Male,35-44,9819621810,tarun.mukherjee87@hotmail.com,Rajkot,Gujarat,360001,Regular,Facebook Ads,2022-09-26,Yes,Yes,5,41141.65
CUST10570,Sachin Pawar,Male,35-44,9633805207,sachin.pawar48@rediffmail.com,Thane,Maharashtra,400601,Regular,Referral,2023-12-31,Yes,Yes,8,166590.8
CUST10571,Shubham Singh,Male,35-44,9333510968,shubham.singh29@outlook.com,Pune,Maharashtra,411057,New,SMS Campaign,2023-12-31,Yes,Yes,6,49348.65
CUST10572,Komal More,Female,18-24,9744961952,komal.more42@gmail.com,Allahabad,Uttar Pradesh,211001,Regular,App Store,2023-04-06,Yes,Yes,5,10198.2
CUST10573,Rajesh Wadhwa,Male,18-24,9231631458,rajesh.wadhwa80@rediffmail.com,Nashik,Maharashtra,422001,VIP,SMS Campaign,2022-01-02,Yes,Yes,13,455457.6
CUST10574,Harsh Bhosale,Male,25-34,9995733510,harsh.bhosale91@gmail.com,Allahabad,Uttar Pradesh,211001,Regular,Influencer Marketing,2023-05-30,Yes,Yes,2,162797
CUST10575,Sumit Naidu,Male,35-44,9827308264,sumit.naidu45@outlook.com,Mysuru,Karnataka,570001,New,Google Ads,2022-06-22,Yes,No,3,10461.4
CUST10576,Deepak Desai,Male,35-44,9791419235,deepak.desai31@outlook.com,Chennai,Tamil Nadu,600001,Regular,Facebook Ads,2022-06-04,Yes,Yes,9,85769.35
CUST10577,Neha Singh,Female,25-34,9906434022,neha.singh73@outlook.com,Warangal,Telangana,506001,Premium,Facebook Ads,2022-12-13,No,Yes,12,381782
CUST10578,Priya Wadhwa,Female,35-44,9741718746,priya.wadhwa12@yahoo.com,New Delhi,Delhi,110001,New,YouTube Ads,2023-11-22,No,Yes,9,87648.2
CUST10579,Vivek Joshi,Male,25-34,9190617198,vivek.joshi85@hotmail.com,Kozhikode,Kerala,673001,Regular,Influencer Marketing,2022-03-31,Yes,Yes,7,154318.05
CUST10580,Rohit More,Male,45-54,9155678707,rohit.more38@rediffmail.com,Siliguri,West Bengal,734001,VIP,Facebook Ads,2022-07-25,Yes,No,26,562499.8
CUST10581,Aditya Naidu,Male,35-44,9388188376,aditya.naidu88@gmail.com,Rajkot,Gujarat,360001,Regular,Instagram Ads,2023-07-11,Yes,No,5,60894.15
CUST10582,Neha Jain,Female,35-44,9749189230,neha.jain46@outlook.com,Ahmedabad,Gujarat,380001,Regular,Organic Search,2022-10-26,Yes,No,10,462910.25
CUST10583,Ashish Venkat,Male,35-44,9113724132,ashish.venkat85@outlook.com,Kochi,Kerala,682001,VIP,Organic Search,2022-06-07,No,No,13,234206
CUST10584,Rekha Jain,Female,25-34,9517546344,rekha.jain59@hotmail.com,Dwarka,Delhi,110075,New,Organic Search,2022-02-20,Yes,Yes,4,4136.4
CUST10585,Rahul Chatterjee,Male,25-34,9241569969,rahul.chatterjee12@yahoo.com,Mumbai,Maharashtra,400051,New,Google Ads,2022-03-15,Yes,Yes,5,68479.2
CUST10586,Karan Yadav,Male,35-44,9219136000,karan.yadav70@gmail.com,Noida,Delhi,201301,New,Organic Search,2022-10-06,No,Yes,5,158817.25
CUST10587,Shruti Rastogi,Female,25-34,9344258729,shruti.rastogi24@gmail.com,Hubli,Karnataka,580020,VIP,Instagram Ads,2023-12-31,Yes,Yes,14,295511.65
CUST10588,Rekha Ahuja,Female,25-34,9991363964,rekha.ahuja14@hotmail.com,Allahabad,Uttar Pradesh,211001,New,Organic Search,2022-02-11,No,Yes,5,53463
CUST10589,Harsh Jadhav,Male,35-44,9902297795,harsh.jadhav70@yahoo.com,Silchar,Assam,788001,Regular,Google Ads,2023-03-20,No,Yes,4,97305.7
CUST10590,Neha More,Female,25-34,9681404494,neha.more51@hotmail.com,Kozhikode,Kerala,673001,Regular,App Store,2023-04-06,No,Yes,5,76176.9
CUST10591,Rekha Malhotra,Female,35-44,9233321344,rekha.malhotra42@rediffmail.com,Coimbatore,Tamil Nadu,641001,Regular,Facebook Ads,2022-04-01,Yes,Yes,5,84299.5
CUST10592,Pallavi Mishra,Female,25-34,9619372802,pallavi.mishra18@outlook.com,Hyderabad,Telangana,500034,Regular,Google Ads,2022-01-20,Yes,Yes,9,194071.7
CUST10593,Pallavi Kulkarni,Female,25-34,9777894806,pallavi.kulkarni47@yahoo.com,Madurai,Tamil Nadu,625001,New,Instagram Ads,2022-10-25,Yes,Yes,5,254953.5
CUST10594,Varun Datta,Male,35-44,9331943392,varun.datta37@hotmail.com,Hyderabad,Telangana,500001,Regular,Google Ads,2022-07-12,Yes,Yes,5,27437.6
CUST10595,Varun Mishra,Male,25-34,9139182071,varun.mishra55@yahoo.com,Gurgaon,Delhi,122001,Regular,YouTube Ads,2023-12-31,Yes,No,5,42879.05
CUST10596,Tushar Garg,Male,35-44,9413029035,tushar.garg38@rediffmail.com,Hyderabad,Telangana,500034,Regular,Email Campaign,2022-04-19,Yes,Yes,10,94772.35
CUST10597,Aarav Mukherjee,Male,18-24,9645350509,aarav.mukherjee45@outlook.com,Silchar,Assam,788001,New,Instagram Ads,2022-10-16,Yes,Yes,7,93594.7
CUST10598,Nisha Sharma,Female,25-34,9813538301,nisha.sharma88@rediffmail.com,Thane,Maharashtra,400601,New,App Store,2022-07-06,Yes,No,5,218337.75
CUST10599,Sandeep Desai,Male,25-34,9377054270,sandeep.desai33@rediffmail.com,Surat,Gujarat,395001,New,Organic Search,2023-01-20,No,Yes,4,236432.4
CUST10600,Vikas Chakraborty,Male,35-44,9222300128,vikas.chakraborty19@outlook.com,Vadodara,Gujarat,390001,Regular,Google Ads,2023-11-02,Yes,Yes,4,4478.2
CUST10601,Alka Shah,Female,35-44,9810091750,alka.shah20@yahoo.com,Chennai,Tamil Nadu,600041,New,App Store,2023-10-13,Yes,Yes,0,0
CUST10602,Vandana Venkat,Female,18-24,9379622734,vandana.venkat40@rediffmail.com,Thane,Maharashtra,400601,New,Organic Search,2022-08-16,Yes,No,2,18716.4
CUST10603,Rajesh Mehta,Male,45-54,9567158829,rajesh.mehta27@hotmail.com,Noida,Delhi,201301,New,Email Campaign,2022-03-23,No,Yes,4,266822.95
CUST10604,Saurabh Sethi,Male,25-34,9880077893,saurabh.sethi27@yahoo.com,Gurgaon,Delhi,122001,Premium,App Store,2022-08-25,Yes,Yes,16,269133
CUST10605,Akash Banerjee,Male,45-54,9201968164,akash.banerjee21@outlook.com,Hisar,Haryana,125001,New,Instagram Ads,2022-01-25,No,No,5,72712.55
CUST10606,Rakesh Patel,Male,25-34,9985063712,rakesh.patel59@rediffmail.com,Thiruvananthapuram,Kerala,695001,VIP,Instagram Ads,2022-10-11,Yes,Yes,15,293158.9
CUST10607,Ajay Tiwari,Male,35-44,9351221590,ajay.tiwari91@outlook.com,Bengaluru,Karnataka,560076,New,Facebook Ads,2022-10-21,No,Yes,6,108581.65
CUST10608,Vikram Khanna,Male,18-24,9913943987,vikram.khanna16@rediffmail.com,Sonipat,Haryana,131001,New,Facebook Ads,2022-10-03,Yes,Yes,1,1329.3
CUST10609,Karan Jain,Male,18-24,9868138409,karan.jain41@yahoo.com,Kolkata,West Bengal,700019,Regular,Google Ads,2022-05-06,Yes,Yes,7,26495.15
CUST10610,Rajesh Bansal,Male,55+,9339898177,rajesh.bansal71@gmail.com,Bengaluru,Karnataka,560001,Regular,YouTube Ads,2022-09-27,Yes,Yes,9,210261.65
CUST10611,Vaishnavi Datta,Female,18-24,9657761103,vaishnavi.datta43@outlook.com,Tiruchirappalli,Tamil Nadu,620001,Regular,Facebook Ads,2022-03-09,Yes,Yes,7,143681.4
CUST10612,Rekha Dubey,Female,35-44,9785014626,rekha.dubey69@rediffmail.com,Amritsar,Punjab,143001,Regular,Organic Search,2022-11-27,Yes,No,8,24373.15
CUST10613,Kapil Wadhwa,Male,18-24,9535539255,kapil.wadhwa46@gmail.com,Bengaluru,Karnataka,560076,Premium,Referral,2022-08-27,Yes,No,8,64281.15
CUST10614,Rashi Sethi,Female,18-24,9134047851,rashi.sethi97@hotmail.com,Jodhpur,Rajasthan,342001,New,Influencer Marketing,2022-11-26,Yes,No,2,4597
CUST10615,Suresh Roy,Male,45-54,9668265024,suresh.roy96@outlook.com,Panipat,Haryana,132103,Regular,Facebook Ads,2023-12-31,Yes,Yes,7,22812.85
CUST10616,Manish Menon,Male,25-34,9222878531,manish.menon94@yahoo.com,Vadodara,Gujarat,390001,Regular,Influencer Marketing,2023-06-12,No,Yes,8,130971.45
CUST10617,Shweta Jain,Female,45-54,9534554863,shweta.jain94@gmail.com,Patiala,Punjab,147001,New,Google Ads,2022-11-16,Yes,No,2,6932.95
CUST10618,Sachin Rao,Male,45-54,9754597170,sachin.rao3@yahoo.com,Rajkot,Gujarat,360001,New,Organic Search,2023-12-31,No,Yes,5,69473.7
CUST10619,Saurabh Batra,Male,35-44,9525063425,saurabh.batra20@rediffmail.com,Salem,Tamil Nadu,636001,Regular,Email Campaign,2022-10-27,Yes,Yes,6,14197.5
CUST10620,Devendra Chakraborty,Male,25-34,9559215580,devendra.chakraborty89@outlook.com,Warangal,Telangana,506001,Premium,Google Ads,2022-04-25,No,Yes,7,114745.2
CUST10621,Rajesh Garg,Male,18-24,9542311482,rajesh.garg4@yahoo.com,Thiruvananthapuram,Kerala,695001,Regular,Google Ads,2023-06-16,Yes,Yes,7,80443.5
CUST10622,Ashish Rastogi,Male,35-44,9339498558,ashish.rastogi8@gmail.com,Hubli,Karnataka,580020,Regular,Google Ads,2022-10-18,Yes,Yes,3,69194.3
CUST10623,Komal Pawar,Female,35-44,9429413586,komal.pawar9@hotmail.com,Kolkata,West Bengal,700064,Regular,Google Ads,2022-05-13,No,Yes,10,317988.3
CUST10624,Manish Shukla,Male,35-44,9516162680,manish.shukla14@rediffmail.com,Silchar,Assam,788001,Regular,Organic Search,2022-01-07,Yes,Yes,7,16266.85
CUST10625,Rashi More,Female,18-24,9274556518,rashi.more2@hotmail.com,Meerut,Uttar Pradesh,250001,New,Email Campaign,2022-12-28,Yes,Yes,1,17399.4
CUST10626,Prateek Bhosale,Male,25-34,9682912360,prateek.bhosale45@gmail.com,Gurgaon,Delhi,122001,Regular,App Store,2023-09-14,Yes,Yes,9,62340.9
CUST10627,Nidhi Kumar,Female,35-44,9645692261,nidhi.kumar57@outlook.com,New Delhi,Delhi,110001,VIP,Facebook Ads,2022-06-20,Yes,Yes,19,282513.55
CUST10628,Rakesh Nair,Male,25-34,9175369477,rakesh.nair61@outlook.com,Rohini,Delhi,110085,VIP,Google Ads,2023-01-10,Yes,Yes,19,209850.15
CUST10629,Devendra Chatterjee,Male,35-44,9684941950,devendra.chatterjee88@hotmail.com,Kozhikode,Kerala,673001,Regular,SMS Campaign,2023-08-05,Yes,Yes,8,311086.8
CUST10630,Babita Kadam,Female,25-34,9638974143,babita.kadam38@yahoo.com,Hubli,Karnataka,580020,Regular,App Store,2022-07-31,Yes,No,6,111906
CUST10631,Jyoti Shinde,Female,25-34,9156241702,jyoti.shinde41@hotmail.com,Faridabad,Haryana,121001,New,Instagram Ads,2023-01-28,Yes,Yes,3,138293.4
CUST10632,Vinay Yadav,Male,18-24,9152611688,vinay.yadav83@rediffmail.com,Chennai,Tamil Nadu,600001,Premium,Organic Search,2023-04-17,Yes,No,8,295086.55
CUST10633,Kapil Sen,Male,25-34,9557111902,kapil.sen5@gmail.com,Hyderabad,Telangana,500034,Regular,Google Ads,2022-08-15,Yes,Yes,5,320771.65
CUST10634,Preeti Chakraborty,Female,18-24,9655795717,preeti.chakraborty5@rediffmail.com,Guwahati,Assam,781001,VIP,SMS Campaign,2022-01-16,Yes,No,20,326243.5
CUST10635,Rohan Verma,Male,25-34,9103931769,rohan.verma93@gmail.com,Thane,Maharashtra,400601,New,Organic Search,2022-06-26,Yes,Yes,4,13620.5
CUST10636,Kapil Malhotra,Male,35-44,9168014032,kapil.malhotra13@gmail.com,Chennai,Tamil Nadu,600041,Premium,Organic Search,2022-09-07,Yes,No,11,127796.9
CUST10637,Megha Ahuja,Female,25-34,9169506544,megha.ahuja88@rediffmail.com,Mangaluru,Karnataka,575001,Regular,YouTube Ads,2023-12-31,No,No,8,266729.8
CUST10638,Naveen Joshi,Male,35-44,9926538072,naveen.joshi54@rediffmail.com,Mysuru,Karnataka,570001,Regular,SMS Campaign,2023-12-22,No,Yes,5,53969
CUST10639,Kapil Shah,Male,35-44,9535865673,kapil.shah61@outlook.com,Secunderabad,Telangana,500003,Regular,Facebook Ads,2022-02-22,Yes,Yes,6,27919.8
CUST10640,Seema Pawar,Female,35-44,9121665187,seema.pawar78@gmail.com,Kochi,Kerala,682001,Premium,Instagram Ads,2023-09-27,Yes,No,14,98073.5
CUST10641,Alka Jain,Female,25-34,9315864826,alka.jain61@yahoo.com,Warangal,Telangana,506001,New,Google Ads,2022-03-06,No,No,3,69096.45
CUST10642,Varun Venkat,Male,45-54,9763744200,varun.venkat11@hotmail.com,Bhopal,Madhya Pradesh,462001,VIP,Email Campaign,2022-05-31,No,Yes,23,571390.95
CUST10643,Aishwarya Naidu,Female,35-44,9706236202,aishwarya.naidu14@outlook.com,Hyderabad,Telangana,500001,New,Facebook Ads,2022-04-14,Yes,Yes,4,59993.5
CUST10644,Rohit Khanna,Male,25-34,9741790141,rohit.khanna77@rediffmail.com,Hyderabad,Telangana,500034,Regular,Google Ads,2022-04-05,Yes,No,3,36295.85
CUST10645,Naveen Kadam,Male,18-24,9408272827,naveen.kadam7@outlook.com,Tiruchirappalli,Tamil Nadu,620001,Regular,Email Campaign,2023-03-09,No,Yes,4,134414.9
CUST10646,Rohit Joshi,Male,35-44,9712662966,rohit.joshi75@rediffmail.com,Hisar,Haryana,125001,Regular,Instagram Ads,2022-05-06,No,No,6,97200.3
CUST10647,Ananya Murthy,Female,45-54,9925619423,ananya.murthy68@rediffmail.com,Thane,Maharashtra,400601,Regular,YouTube Ads,2023-02-04,Yes,Yes,5,48455.3
CUST10648,Amisha Shukla,Female,25-34,9225009019,amisha.shukla23@gmail.com,Hyderabad,Telangana,500081,New,Referral,2023-04-21,Yes,No,6,27666.7
CUST10649,Tushar Pillai,Male,25-34,9629032189,tushar.pillai14@outlook.com,Mysuru,Karnataka,570001,Regular,Google Ads,2022-03-26,Yes,Yes,3,26377.45
CUST10650,Ravi Nair,Male,35-44,9178932555,ravi.nair96@gmail.com,Dibrugarh,Assam,786001,Regular,App Store,2022-10-09,Yes,Yes,7,108791.85
CUST10651,Kiran Sen,Female,25-34,9599144933,kiran.sen12@gmail.com,Thane,Maharashtra,400601,VIP,Instagram Ads,2022-08-19,Yes,No,16,268090.4
CUST10652,Sunita Pillai,Female,35-44,9455689481,sunita.pillai78@rediffmail.com,Tiruchirappalli,Tamil Nadu,620001,VIP,Facebook Ads,2022-01-16,Yes,Yes,18,260216.15
CUST10653,Deepika Kadam,Female,35-44,9525283643,deepika.kadam88@outlook.com,Vadodara,Gujarat,390001,New,Instagram Ads,2023-12-31,No,Yes,10,87156.6
CUST10654,Aishwarya More,Female,18-24,9313295650,aishwarya.more95@gmail.com,Nagpur,Maharashtra,440001,New,App Store,2023-12-31,Yes,Yes,9,86218.8
CUST10655,Deepak Patel,Male,35-44,9212387826,deepak.patel20@hotmail.com,Mumbai,Maharashtra,400001,New,Facebook Ads,2022-04-24,Yes,Yes,4,35872.5
CUST10656,Seema Rao,Female,18-24,9856774681,seema.rao68@hotmail.com,Dwarka,Delhi,110075,Regular,Facebook Ads,2022-02-10,Yes,Yes,6,83537.25
CUST10657,Ashish Kulkarni,Male,55+,9492109787,ashish.kulkarni29@hotmail.com,Greater Noida,Delhi,201310,Premium,Email Campaign,2023-07-19,No,Yes,8,61906.75
CUST10658,Amit Pawar,Male,45-54,9713955332,amit.pawar14@hotmail.com,Varanasi,Uttar Pradesh,221001,Regular,Organic Search,2022-02-24,Yes,No,6,87195.6
CUST10659,Anjali Datta,Female,45-54,9361333456,anjali.datta49@rediffmail.com,Durgapur,West Bengal,713201,VIP,Google Ads,2022-04-14,Yes,Yes,11,234409.85
CUST10660,Vaishnavi Kumar,Female,35-44,9980895900,vaishnavi.kumar77@yahoo.com,Kanpur,Uttar Pradesh,208001,Regular,Google Ads,2023-10-07,Yes,No,4,80733.1
CUST10661,Vikas Mehta,Male,25-34,9310945720,vikas.mehta85@yahoo.com,Kochi,Kerala,682001,Regular,Google Ads,2022-11-29,Yes,No,4,127045.35
CUST10662,Neha Roy,Female,55+,9661527008,neha.roy49@outlook.com,Hyderabad,Telangana,500081,Premium,Referral,2023-02-05,Yes,Yes,11,529488.9
CUST10663,Yash Shah,Male,25-34,9103538640,yash.shah51@hotmail.com,Surat,Gujarat,395001,New,Google Ads,2023-09-27,Yes,Yes,5,46968.7
CUST10664,Monika Shukla,Female,25-34,9526533129,monika.shukla86@gmail.com,Warangal,Telangana,506001,New,Organic Search,2023-07-29,No,Yes,4,10613.1
CUST10665,Lata Singh,Female,18-24,9795089822,lata.singh48@yahoo.com,Greater Noida,Delhi,201310,New,Facebook Ads,2023-03-11,Yes,No,4,191084.1
CUST10666,Pallavi Shah,Female,35-44,9978437948,pallavi.shah9@hotmail.com,Hisar,Haryana,125001,Regular,Email Campaign,2022-03-18,Yes,Yes,8,143846.25
CUST10667,Harsh Batra,Male,25-34,9607649766,harsh.batra58@hotmail.com,Bengaluru,Karnataka,560001,Regular,Google Ads,2022-02-01,Yes,No,9,161583
CUST10668,Deepika Malhotra,Female,25-34,9305039025,deepika.malhotra5@outlook.com,Gandhinagar,Gujarat,382010,Premium,App Store,2022-05-02,Yes,Yes,5,69795.8
CUST10669,Naveen Mukherjee,Male,35-44,9696636908,naveen.mukherjee44@rediffmail.com,Tiruchirappalli,Tamil Nadu,620001,VIP,Facebook Ads,2022-09-14,Yes,Yes,11,129311.35
CUST10670,Deepak Bansal,Male,35-44,9278579758,deepak.bansal23@outlook.com,Gurgaon,Delhi,122001,Regular,Google Ads,2023-12-31,Yes,No,6,145036.95
CUST10671,Amit Chatterjee,Male,25-34,9845402012,amit.chatterjee46@hotmail.com,Gurgaon,Delhi,122001,New,Facebook Ads,2023-01-03,Yes,Yes,5,288893.45
CUST10672,Shubham Pandey,Male,35-44,9768392195,shubham.pandey16@outlook.com,Allahabad,Uttar Pradesh,211001,Regular,Google Ads,2022-12-28,Yes,Yes,2,19279.3
CUST10673,Vivek Mehta,Male,35-44,9596768491,vivek.mehta80@outlook.com,Bengaluru,Karnataka,560100,New,Referral,2022-08-14,Yes,No,6,118784.35
CUST10674,Sakshi Bhosale,Female,18-24,9890705706,sakshi.bhosale13@yahoo.com,Kota,Rajasthan,324001,New,Facebook Ads,2023-08-06,Yes,No,3,168891.3
CUST10675,Mohit Rastogi,Male,25-34,9469830884,mohit.rastogi87@yahoo.com,Mumbai,Maharashtra,400051,New,Influencer Marketing,2022-10-21,No,Yes,9,84560.1
CUST10676,Ritika Bhosale,Female,18-24,9148838794,ritika.bhosale43@outlook.com,Kolkata,West Bengal,700064,New,Facebook Ads,2023-11-21,Yes,Yes,9,88725.8
CUST10677,Madhuri Jain,Female,25-34,9674559301,madhuri.jain86@rediffmail.com,Indore,Madhya Pradesh,452001,Regular,Organic Search,2022-06-11,Yes,Yes,7,124377.85
CUST10678,Ananya Roy,Female,25-34,9613189395,ananya.roy20@rediffmail.com,Cuttack,Odisha,753001,Regular,App Store,2023-12-31,Yes,Yes,6,160337.1
CUST10679,Kavita Naidu,Female,35-44,9451622709,kavita.naidu78@hotmail.com,Mangaluru,Karnataka,575001,Premium,Instagram Ads,2022-12-18,No,No,12,183192.05
CUST10680,Vikas Mishra,Male,18-24,9766431570,vikas.mishra46@hotmail.com,Jodhpur,Rajasthan,342001,New,Organic Search,2023-02-25,Yes,Yes,6,42553.25
CUST10681,Nitin Srivastava,Male,25-34,9243695578,nitin.srivastava79@rediffmail.com,Ahmedabad,Gujarat,380001,New,App Store,2023-09-23,No,No,3,76193.45
CUST10682,Riya Bansal,Female,35-44,9136431516,riya.bansal22@hotmail.com,Jalandhar,Punjab,144001,New,Organic Search,2022-07-12,No,Yes,4,24510.95
CUST10683,Usha Sharma,Female,35-44,9128796093,usha.sharma47@gmail.com,Indore,Madhya Pradesh,452001,Regular,Facebook Ads,2022-03-22,Yes,Yes,5,122094.4
CUST10684,Vandana Yadav,Female,35-44,9260654966,vandana.yadav13@yahoo.com,Indore,Madhya Pradesh,452001,Regular,Facebook Ads,2022-03-21,Yes,No,10,146793.8
CUST10685,Simran Bhatia,Female,35-44,9597616412,simran.bhatia21@rediffmail.com,Mangaluru,Karnataka,575001,Premium,Facebook Ads,2022-04-22,No,Yes,9,265594.05
CUST10686,Devendra Desai,Male,25-34,9923307571,devendra.desai65@outlook.com,Mysuru,Karnataka,570001,Premium,SMS Campaign,2023-04-25,Yes,Yes,16,642888.5
CUST10687,Manish More,Male,18-24,9215327067,manish.more7@rediffmail.com,Allahabad,Uttar Pradesh,211001,Regular,Organic Search,2022-10-25,Yes,No,6,72001.65
CUST10688,Neeraj Venkat,Male,18-24,9220256538,neeraj.venkat39@gmail.com,Hubli,Karnataka,580020,New,Organic Search,2022-01-21,No,Yes,6,97211.75
CUST10689,Ashish Shinde,Male,25-34,9720089148,ashish.shinde54@outlook.com,Rajkot,Gujarat,360001,New,Google Ads,2023-05-26,Yes,No,4,118233.25
CUST10690,Usha Kumar,Female,35-44,9173086676,usha.kumar20@yahoo.com,Sonipat,Haryana,131001,Regular,Email Campaign,2022-10-02,No,No,6,31727.8
CUST10691,Rekha Kulkarni,Female,35-44,9181845105,rekha.kulkarni59@yahoo.com,Ludhiana,Punjab,141001,Regular,YouTube Ads,2023-12-31,Yes,Yes,6,31370.75
CUST10692,Vikram Venkat,Male,25-34,9308790205,vikram.venkat51@gmail.com,Tiruchirappalli,Tamil Nadu,620001,Regular,Google Ads,2022-10-01,Yes,No,3,195694.5
CUST10693,Tarun Singh,Male,55+,9646479504,tarun.singh29@outlook.com,Jaipur,Rajasthan,302001,VIP,Organic Search,2022-07-21,No,Yes,11,792891.7
CUST10694,Ashish Bhatia,Male,35-44,9546377511,ashish.bhatia22@rediffmail.com,Hyderabad,Telangana,500001,New,Organic Search,2022-02-25,Yes,Yes,5,41420.25
CUST10695,Komal Bhosale,Female,35-44,9416487876,komal.bhosale72@outlook.com,Jabalpur,Madhya Pradesh,482001,VIP,Referral,2022-06-19,Yes,Yes,13,524280.8
CUST10696,Shruti Datta,Female,25-34,9177198709,shruti.datta77@outlook.com,Gandhinagar,Gujarat,382010,New,Facebook Ads,2023-02-04,Yes,Yes,5,124963.85
CUST10697,Neeraj Srivastava,Male,45-54,9833353931,neeraj.srivastava39@rediffmail.com,Hisar,Haryana,125001,Regular,Facebook Ads,2022-03-14,Yes,Yes,5,61043.4
CUST10698,Devendra Sharma,Male,18-24,9520910627,devendra.sharma80@rediffmail.com,Rajkot,Gujarat,360001,Regular,Influencer Marketing,2023-06-15,Yes,Yes,9,175121.2
CUST10699,Harsh Banerjee,Male,45-54,9235021265,harsh.banerjee83@outlook.com,Salem,Tamil Nadu,636001,New,Referral,2022-06-28,Yes,Yes,5,25939.05
CUST10700,Sachin Mukherjee,Male,35-44,9916257606,sachin.mukherjee86@hotmail.com,Gwalior,Madhya Pradesh,474001,New,Google Ads,2022-07-06,Yes,Yes,1,2208.3
CUST10701,Sachin Kumar,Male,35-44,9441142644,sachin.kumar30@gmail.com,Amritsar,Punjab,143001,Regular,SMS Campaign,2022-04-29,Yes,Yes,9,206580.1
CUST10702,Sunita Murthy,Female,45-54,9129511898,sunita.murthy86@outlook.com,Tiruchirappalli,Tamil Nadu,620001,Regular,Instagram Ads,2022-10-29,Yes,Yes,8,224666.45
CUST10703,Manoj Jadhav,Male,35-44,9808790049,manoj.jadhav87@hotmail.com,Coimbatore,Tamil Nadu,641001,New,Google Ads,2023-08-19,No,No,3,30094.1
CUST10704,Sandeep Kadam,Male,45-54,9613768318,sandeep.kadam75@yahoo.com,Greater Noida,Delhi,201310,Regular,Facebook Ads,2022-08-07,Yes,Yes,4,87279.65
CUST10705,Ritika Khanna,Female,35-44,9331040176,ritika.khanna72@gmail.com,Bengaluru,Karnataka,560100,VIP,Facebook Ads,2023-01-04,Yes,Yes,19,65737.55
CUST10706,Ravi Rao,Male,18-24,9943339762,ravi.rao15@gmail.com,Vadodara,Gujarat,390001,Regular,Organic Search,2023-12-31,Yes,Yes,9,56373.25
CUST10707,Rashi Shah,Female,35-44,9518573632,rashi.shah28@outlook.com,Sonipat,Haryana,131001,Regular,YouTube Ads,2022-02-11,Yes,Yes,9,163324.3
CUST10708,Aishwarya Nair,Female,45-54,9863044848,aishwarya.nair11@yahoo.com,Coimbatore,Tamil Nadu,641001,Regular,Google Ads,2023-12-31,Yes,Yes,11,108428.2
CUST10709,Tanvi Khanna,Female,25-34,9896158520,tanvi.khanna1@gmail.com,Udaipur,Rajasthan,313001,Regular,Facebook Ads,2022-01-02,No,Yes,9,276857.3
CUST10710,Sneha Mehta,Female,35-44,9412279939,sneha.mehta3@gmail.com,Bengaluru,Karnataka,560001,New,Google Ads,2023-12-31,No,No,2,26397.7
CUST10711,Shruti Bhatia,Female,35-44,9350307808,shruti.bhatia35@gmail.com,Surat,Gujarat,395001,Regular,YouTube Ads,2023-09-18,No,No,6,114704
CUST10712,Pranav Murthy,Male,45-54,9206765982,pranav.murthy52@rediffmail.com,Nashik,Maharashtra,422001,VIP,Facebook Ads,2023-12-31,Yes,Yes,18,270778.5
CUST10713,Deepak Mukherjee,Male,35-44,9257563629,deepak.mukherjee68@outlook.com,Coimbatore,Tamil Nadu,641001,New,Instagram Ads,2023-08-15,Yes,Yes,3,5877.35
CUST10714,Amit Jain,Male,25-34,9467376569,amit.jain48@hotmail.com,Patiala,Punjab,147001,New,Instagram Ads,2022-01-29,Yes,No,4,74789.9
CUST10715,Karan Sharma,Male,18-24,9950416513,karan.sharma85@gmail.com,Ujjain,Madhya Pradesh,456001,Premium,Facebook Ads,2022-07-05,Yes,Yes,10,376492.8
CUST10716,Nisha Bansal,Female,18-24,9408546122,nisha.bansal93@outlook.com,Dwarka,Delhi,110075,Regular,YouTube Ads,2022-01-10,Yes,No,9,38569.1
CUST10717,Rohit Tiwari,Male,25-34,9806963477,rohit.tiwari14@hotmail.com,Mumbai,Maharashtra,400092,Regular,Facebook Ads,2022-05-11,No,Yes,4,66827.65
CUST10718,Alka Pillai,Female,35-44,9918197169,alka.pillai94@gmail.com,Ujjain,Madhya Pradesh,456001,Premium,Instagram Ads,2023-06-25,No,No,9,209034.25
CUST10719,Rakesh Pawar,Male,25-34,9853993237,rakesh.pawar73@gmail.com,Gandhinagar,Gujarat,382010,New,Email Campaign,2022-10-30,Yes,Yes,4,74343.95
CUST10720,Riya Yadav,Female,25-34,9647975346,riya.yadav99@rediffmail.com,Secunderabad,Telangana,500003,Regular,Organic Search,2023-02-27,No,No,7,60900
CUST10721,Harsh Iyer,Male,35-44,9993984732,harsh.iyer98@hotmail.com,Rajkot,Gujarat,360001,Regular,Organic Search,2023-12-31,No,Yes,5,290793.3
CUST10722,Gaurav Patel,Male,25-34,9211929492,gaurav.patel43@yahoo.com,Aurangabad,Maharashtra,431001,Regular,Organic Search,2023-12-31,Yes,Yes,6,113399.3
CUST10723,Preeti Rastogi,Female,45-54,9918384494,preeti.rastogi20@hotmail.com,Bengaluru,Karnataka,560076,Regular,Organic Search,2022-03-11,No,No,7,88788.95
CUST10724,Sakshi Ghosh,Female,25-34,9439103690,sakshi.ghosh81@yahoo.com,Madurai,Tamil Nadu,625001,Regular,Instagram Ads,2022-06-12,Yes,Yes,5,32351.6
CUST10725,Monika More,Female,45-54,9540898823,monika.more72@outlook.com,Rohini,Delhi,110085,Regular,App Store,2022-11-19,Yes,No,4,103534.3
CUST10726,Manoj Patil,Male,35-44,9739695012,manoj.patil30@outlook.com,Kochi,Kerala,682001,Regular,Google Ads,2023-12-31,No,Yes,12,187569.85
CUST10727,Ashish Banerjee,Male,45-54,9777036107,ashish.banerjee33@gmail.com,Puri,Odisha,752001,New,Email Campaign,2023-12-31,No,Yes,5,152741.25
CUST10728,Vivek Iyer,Male,35-44,9386912845,vivek.iyer34@hotmail.com,Vadodara,Gujarat,390001,Regular,Google Ads,2022-02-13,Yes,No,3,14081.7
CUST10729,Sarika Garg,Female,55+,9305960503,sarika.garg89@yahoo.com,Dwarka,Delhi,110075,Regular,Google Ads,2022-05-07,Yes,No,12,307283.7
CUST10730,Rekha Kulkarni,Female,18-24,9953473604,rekha.kulkarni3@gmail.com,Warangal,Telangana,506001,New,Google Ads,2022-08-17,Yes,No,6,356914.15
CUST10731,Sandeep Bhosale,Male,25-34,9472388826,sandeep.bhosale36@hotmail.com,Panipat,Haryana,132103,Regular,Facebook Ads,2023-01-04,Yes,No,7,118601.95
CUST10732,Nisha Garg,Female,18-24,9952646779,nisha.garg23@yahoo.com,Howrah,West Bengal,711101,Regular,SMS Campaign,2023-02-04,Yes,No,5,122281.5
CUST10733,Lata Sethi,Female,35-44,9825674359,lata.sethi91@yahoo.com,Gurugram,Haryana,122001,Regular,YouTube Ads,2023-12-31,Yes,Yes,9,108095.6
CUST10734,Simran Gupta,Female,45-54,9211331107,simran.gupta83@outlook.com,Ujjain,Madhya Pradesh,456001,Regular,Google Ads,2023-09-21,No,Yes,5,63352.8
CUST10735,Geeta Pillai,Female,18-24,9239151416,geeta.pillai18@outlook.com,Hubli,Karnataka,580020,Premium,YouTube Ads,2022-03-24,Yes,No,9,89026.4
CUST10736,Aditya Mukherjee,Male,45-54,9438485243,aditya.mukherjee47@outlook.com,Durgapur,West Bengal,713201,Regular,Organic Search,2023-01-03,No,Yes,3,30627.1
CUST10737,Pranav Sen,Male,45-54,9626407429,pranav.sen10@rediffmail.com,Gurgaon,Delhi,122001,Regular,Influencer Marketing,2023-11-19,Yes,Yes,7,165021.5
CUST10738,Rohit Wadhwa,Male,55+,9406444688,rohit.wadhwa1@gmail.com,Ahmedabad,Gujarat,380015,Regular,Email Campaign,2023-07-12,No,No,5,94343.3
CUST10739,Ajay Pawar,Male,35-44,9398821644,ajay.pawar52@outlook.com,Bengaluru,Karnataka,560001,New,Influencer Marketing,2023-12-31,Yes,No,6,130693.35
CUST10740,Abhishek Bansal,Male,25-34,9986035180,abhishek.bansal82@hotmail.com,Secunderabad,Telangana,500003,New,Google Ads,2022-04-24,Yes,No,6,58272.75
CUST10741,Swati Batra,Female,35-44,9287681448,swati.batra60@hotmail.com,Indore,Madhya Pradesh,452001,New,YouTube Ads,2023-12-31,No,Yes,6,41088.25
CUST10742,Meena Jadhav,Female,55+,9321534690,meena.jadhav93@gmail.com,Kolkata,West Bengal,700001,Premium,Facebook Ads,2023-03-28,No,Yes,10,102153.4
CUST10743,Usha Singh,Female,25-34,9582219372,usha.singh51@yahoo.com,Madurai,Tamil Nadu,625001,Regular,Organic Search,2022-05-18,Yes,Yes,3,32242.6
CUST10744,Abhishek Sen,Male,35-44,9328989836,abhishek.sen87@outlook.com,Greater Noida,Delhi,201310,Regular,Instagram Ads,2023-01-04,Yes,Yes,8,383559.35
CUST10745,Vaishnavi Reddy,Female,35-44,9290583179,vaishnavi.reddy54@gmail.com,Mumbai,Maharashtra,400051,Regular,Email Campaign,2023-12-31,Yes,No,3,61165.5
CUST10746,Tarun Bansal,Male,25-34,9302729755,tarun.bansal29@yahoo.com,Ahmedabad,Gujarat,380015,Regular,Instagram Ads,2023-12-31,No,No,10,313254.5
CUST10747,Gaurav Sen,Male,45-54,9630284849,gaurav.sen32@outlook.com,Thane,Maharashtra,400601,New,Email Campaign,2022-04-14,No,No,9,75057.2
CUST10748,Anjali Batra,Female,35-44,9340082562,anjali.batra64@hotmail.com,Hyderabad,Telangana,500034,Premium,App Store,2022-06-21,No,No,6,31147.2
CUST10749,Sonal Garg,Female,55+,9155195704,sonal.garg45@hotmail.com,Indore,Madhya Pradesh,452001,Regular,Google Ads,2022-04-27,Yes,No,8,331347.9
CUST10750,Amisha Arora,Female,25-34,9314704177,amisha.arora47@outlook.com,Rohini,Delhi,110085,Premium,Organic Search,2023-04-09,No,Yes,14,38354.85
CUST10751,Vivek Iyer,Male,35-44,9594653836,vivek.iyer84@outlook.com,Hubli,Karnataka,580020,Regular,YouTube Ads,2022-07-16,Yes,No,6,20095.75
CUST10752,Rajesh Batra,Male,25-34,9338132595,rajesh.batra28@gmail.com,Noida,Delhi,201301,Premium,YouTube Ads,2022-02-12,Yes,Yes,20,48193.85
CUST10753,Nitin Banerjee,Male,35-44,9134671685,nitin.banerjee60@yahoo.com,Bengaluru,Karnataka,560001,New,Instagram Ads,2022-05-22,No,No,2,6397.5
CUST10754,Shubham Mukherjee,Male,25-34,9233679988,shubham.mukherjee58@outlook.com,Aurangabad,Maharashtra,431001,Premium,Instagram Ads,2022-03-27,Yes,No,6,61589.2
CUST10755,Rohan Yadav,Male,18-24,9371019618,rohan.yadav11@outlook.com,Hubli,Karnataka,580020,New,Organic Search,2022-07-25,Yes,Yes,5,54493.1
CUST10756,Nitin Malhotra,Male,35-44,9983038839,nitin.malhotra71@hotmail.com,Jodhpur,Rajasthan,342001,Regular,Google Ads,2023-04-04,Yes,No,7,41727.2
CUST10757,Mansi Joshi,Female,25-34,9416096398,mansi.joshi2@rediffmail.com,Panipat,Haryana,132103,New,Facebook Ads,2022-03-12,Yes,Yes,7,59440.55
CUST10758,Naina Joshi,Female,18-24,9641378860,naina.joshi49@gmail.com,Gurgaon,Delhi,122001,New,Organic Search,2023-12-19,Yes,Yes,4,46672.4
CUST10759,Madhuri Shinde,Female,25-34,9636700255,madhuri.shinde68@rediffmail.com,Bengaluru,Karnataka,560100,New,Organic Search,2022-03-27,No,No,4,117532.65
CUST10760,Dinesh Kapoor,Male,25-34,9876403046,dinesh.kapoor99@rediffmail.com,Mangaluru,Karnataka,575001,Premium,Facebook Ads,2023-12-31,No,No,10,38867.4
CUST10761,Pallavi Shinde,Female,25-34,9652207604,pallavi.shinde52@gmail.com,Patiala,Punjab,147001,New,YouTube Ads,2022-12-20,Yes,Yes,7,46038.9
CUST10762,Ritika Kapoor,Female,25-34,9764082265,ritika.kapoor38@hotmail.com,Tiruchirappalli,Tamil Nadu,620001,Regular,Organic Search,2023-01-01,Yes,Yes,5,237690.1
CUST10763,Meena Murthy,Female,25-34,9809207434,meena.murthy51@hotmail.com,Allahabad,Uttar Pradesh,211001,Regular,Organic Search,2022-05-28,Yes,No,7,192442.7
CUST10764,Divya Krishnan,Female,35-44,9577947906,divya.krishnan58@rediffmail.com,Gurgaon,Delhi,122001,New,Facebook Ads,2023-05-26,Yes,No,7,139680.3
CUST10765,Lata Ahuja,Female,18-24,9829194391,lata.ahuja61@yahoo.com,Gurgaon,Delhi,122001,New,App Store,2022-03-11,Yes,Yes,7,186903.9
CUST10766,Mohit Kumar,Male,18-24,9768827752,mohit.kumar41@hotmail.com,Kochi,Kerala,682001,New,Google Ads,2022-04-01,Yes,No,3,7807.45
CUST10767,Rajesh Mishra,Male,55+,9352371520,rajesh.mishra88@gmail.com,Secunderabad,Telangana,500003,Premium,Google Ads,2022-12-19,Yes,Yes,12,107743.5
CUST10768,Saurabh Yadav,Male,35-44,9385221975,saurabh.yadav59@rediffmail.com,Kolkata,West Bengal,700019,Regular,Email Campaign,2022-05-31,Yes,Yes,9,92295.8
CUST10769,Ajay Srivastava,Male,25-34,9491210207,ajay.srivastava25@yahoo.com,Noida,Delhi,201301,VIP,Instagram Ads,2023-12-31,Yes,Yes,13,82330.75
CUST10770,Pallavi Kumar,Female,25-34,9430321672,pallavi.kumar44@rediffmail.com,Mumbai,Maharashtra,400001,Regular,Referral,2022-12-24,Yes,No,6,42683.5
CUST10771,Rahul Sethi,Male,55+,9662947643,rahul.sethi44@yahoo.com,Agra,Uttar Pradesh,282001,Premium,Facebook Ads,2022-03-30,Yes,Yes,11,358539.45
CUST10772,Rohit Agarwal,Male,45-54,9506727910,rohit.agarwal8@yahoo.com,Chennai,Tamil Nadu,600041,VIP,Facebook Ads,2023-11-27,Yes,No,15,216584.1
CUST10773,Mansi Batra,Female,18-24,9521657783,mansi.batra57@hotmail.com,Gwalior,Madhya Pradesh,474001,New,YouTube Ads,2022-07-27,Yes,Yes,3,275744.2
CUST10774,Aishwarya Kulkarni,Female,55+,9824069745,aishwarya.kulkarni17@outlook.com,Mumbai,Maharashtra,400051,Regular,Organic Search,2022-04-11,Yes,No,4,261974.2
CUST10775,Madhuri Joshi,Female,25-34,9906851278,madhuri.joshi55@yahoo.com,Secunderabad,Telangana,500003,Premium,Instagram Ads,2022-02-28,Yes,No,14,176235.85
CUST10776,Monika Iyer,Female,55+,9536867531,monika.iyer94@yahoo.com,Nagpur,Maharashtra,440001,New,YouTube Ads,2022-09-18,No,No,6,90800.4
CUST10777,Sachin Murthy,Male,18-24,9700123877,sachin.murthy98@hotmail.com,Hisar,Haryana,125001,VIP,Instagram Ads,2023-01-28,Yes,Yes,13,76833.05
CUST10778,Swati Sharma,Female,18-24,9997091992,swati.sharma32@yahoo.com,Greater Noida,Delhi,201310,VIP,Email Campaign,2022-08-13,No,Yes,22,119734.05
CUST10779,Shruti Iyer,Female,18-24,9435435638,shruti.iyer97@outlook.com,Mumbai,Maharashtra,400092,New,Facebook Ads,2022-10-16,No,No,1,629.1
CUST10780,Gaurav Chopra,Male,25-34,9797886699,gaurav.chopra26@rediffmail.com,Bengaluru,Karnataka,560001,Premium,Instagram Ads,2023-09-11,Yes,Yes,6,31164.1
CUST10781,Vikas Tiwari,Male,35-44,9897451303,vikas.tiwari83@rediffmail.com,Coimbatore,Tamil Nadu,641001,Regular,Google Ads,2022-11-04,Yes,Yes,7,176577.1
CUST10782,Rakesh Jadhav,Male,35-44,9366295339,rakesh.jadhav4@outlook.com,Ahmedabad,Gujarat,380001,New,Google Ads,2022-12-18,No,Yes,5,91092.45
CUST10783,Poonam Chopra,Female,18-24,9859301449,poonam.chopra41@hotmail.com,Bengaluru,Karnataka,560100,New,Google Ads,2022-04-11,Yes,Yes,4,6104.8
CUST10784,Sachin Roy,Male,18-24,9689775783,sachin.roy29@gmail.com,Bhubaneswar,Odisha,751001,Premium,Organic Search,2022-02-16,Yes,No,7,93623.9
CUST10785,Pranav Dubey,Male,35-44,9212254693,pranav.dubey72@yahoo.com,Mumbai,Maharashtra,400051,Regular,Organic Search,2022-02-28,No,No,7,253993.4
CUST10786,Harsh Nair,Male,35-44,9139846068,harsh.nair61@hotmail.com,Kolkata,West Bengal,700064,Regular,Google Ads,2022-01-13,Yes,Yes,5,24760.6
CUST10787,Anjali Venkat,Female,18-24,9174527434,anjali.venkat54@yahoo.com,Amritsar,Punjab,143001,Premium,YouTube Ads,2022-03-21,No,Yes,10,240313.75
CUST10788,Suresh Ahuja,Male,25-34,9362398406,suresh.ahuja49@outlook.com,Varanasi,Uttar Pradesh,221001,Premium,Instagram Ads,2023-12-31,Yes,No,11,325681.35
CUST10789,Rekha Kulkarni,Female,25-34,9596767745,rekha.kulkarni29@yahoo.com,Chandigarh,Punjab,160001,New,YouTube Ads,2022-09-14,Yes,Yes,2,154645.05
CUST10790,Swati Chopra,Female,35-44,9228524251,swati.chopra59@outlook.com,Kolkata,West Bengal,700019,New,Facebook Ads,2023-04-22,No,Yes,5,43441.35
CUST10791,Jyoti Shah,Female,45-54,9521208944,jyoti.shah69@rediffmail.com,Hyderabad,Telangana,500081,Regular,Instagram Ads,2023-12-31,No,No,5,338415.2
CUST10792,Rohan Arora,Male,18-24,9325940733,rohan.arora72@gmail.com,Noida,Delhi,201301,New,Instagram Ads,2023-09-15,Yes,Yes,1,569.05
CUST10793,Prateek Naidu,Male,35-44,9373720607,prateek.naidu40@outlook.com,Mumbai,Maharashtra,400092,VIP,Instagram Ads,2022-02-19,Yes,No,25,646450.25
CUST10794,Nidhi Dubey,Female,35-44,9175332956,nidhi.dubey24@yahoo.com,Tiruchirappalli,Tamil Nadu,620001,Premium,Organic Search,2022-10-24,Yes,No,11,304615.8
CUST10795,Naveen Verma,Male,25-34,9451388099,naveen.verma83@yahoo.com,Bengaluru,Karnataka,560076,Regular,Facebook Ads,2023-02-08,No,Yes,7,91650.9
CUST10796,Ravi Patil,Male,35-44,9977151340,ravi.patil24@yahoo.com,Mumbai,Maharashtra,400051,Regular,Referral,2023-12-31,Yes,No,6,62163.45
CUST10797,Seema Shah,Female,25-34,9657535765,seema.shah26@yahoo.com,Bengaluru,Karnataka,560076,VIP,YouTube Ads,2023-12-31,No,Yes,11,200883.4
CUST10798,Yash Verma,Male,25-34,9971032258,yash.verma35@yahoo.com,Jaipur,Rajasthan,302001,Regular,Organic Search,2022-03-22,Yes,Yes,6,9444.35
CUST10799,Tarun Pillai,Male,35-44,9423373135,tarun.pillai5@gmail.com,Greater Noida,Delhi,201310,Premium,Influencer Marketing,2022-06-14,No,No,9,150806.75
CUST10800,Rashi Srivastava,Female,45-54,9882715684,rashi.srivastava70@gmail.com,Agra,Uttar Pradesh,282001,Regular,Email Campaign,2022-12-28,No,No,7,62565.05
